3.322385900694901917e-01,-1.529566928207464205e-01
6.719797414073068742e-01,-8.688587691760982779e-01
1.730499129997501662e+00,2.991891276569830005e+00
-1.916932713459808202e+00,-7.871203774679218945e+00
-1.480437723369795622e+00,-6.845130410541385046e+00
-8.123416380408802207e-01,-4.582010892701585014e+00
-3.211927864748475581e-01,-1.932527368332553008e+00
1.546768742785072925e+00,2.646489413631369025e+00
1.927138447780708530e+00,4.159242119421787010e+00
-3.592731603622156822e-01,-1.988644197530417657e+00
-1.842506965345106218e-01,-2.282394407504007017e+00
5.660804396927038296e-01,-1.155352421478540448e-01
3.684954266174225723e-01,-4.608013211402523512e-01
-5.807437998468475415e-01,-4.362506826772779789e+00
2.104117018649310555e+00,3.563889267084703771e+00
2.543199047111038280e-01,-1.067296145831883036e+00
7.827089662674537873e-01,-4.757475147346595934e-01
6.830915031724679176e-01,4.646733418525106352e-01
-1.215401811496968687e+00,-5.721133718964046544e+00
3.040912879448393613e-01,-9.906147972427203907e-01
-6.429250950224079109e-01,-3.394614328490031419e+00
-2.632629012006325375e+00,-9.931687029958682800e+00
5.252789120969953984e-01,3.025202104984010543e-01
1.990103122353943821e+00,4.277256447996859556e+00
-1.111517012360656809e+00,-4.927915654827923042e+00
4.057093041288341029e-01,-9.144326455291333922e-01
-7.790386991472274536e-01,-3.788100855246447907e+00
2.854609332006084799e+00,7.100208769683455046e+00
-4.121728845193581292e-01,-3.291526032292115822e+00
2.227638322566012907e-01,-5.614443884689788167e-01
-2.782382060696772630e+00,-1.054176947016944155e+01
-7.205757081877519621e-01,-3.879953106939421303e+00
1.510387463093659122e+00,2.593427724280552571e+00
-1.233922613973061910e+00,-5.671688064623736203e+00
7.469218399548439580e-01,-3.604496285265337274e-01
1.227820193345042332e+00,1.907291242459882685e+00
2.879702488900349522e+00,6.868172270273121605e+00
-7.107747779881424810e-01,-4.891392926492625470e+00
1.568968507421272529e-01,-1.601818116126791480e+00
1.595845200005479914e+00,3.500555578635573095e+00
9.819310530305552787e-01,8.548874801888813879e-01
3.939867532194610833e-01,-8.280016526230227214e-01
-4.472445683798237925e-01,-3.195256873470934345e+00
-1.195446208549164835e+00,-4.981149784946450332e+00
-7.476840091131828903e-01,-3.602666594694496460e+00
1.520977569133139529e+00,2.336119343841943419e+00
1.272034545576237852e+00,1.509301005622110337e+00
-6.396994615761247838e-01,-3.683389631589241375e+00
-5.935648487974480858e-01,-3.269294128072988137e+00
1.136956628681901504e+00,1.617365097959611697e+00
5.448832616594856404e-01,-1.304519026404517223e+00
4.810580587374149175e-01,-1.960062884660561666e-01
-1.560308912455027897e-01,-2.883012643403044972e+00
6.944614108883776504e-01,-2.278327758076273413e-02
9.781634863542727765e-02,-1.660008668859204839e+00
1.254476109059458944e+00,1.741374958386264327e+00
-1.355209262907115741e+00,-4.975302915333350562e+00
5.498530994609732714e-01,7.981655470281673326e-02
3.677002819398494937e-01,-1.275638991623229135e+00
4.737825164856533378e-01,-6.839516023365873609e-01
-4.012784594029355500e-01,-3.173039664633334311e+00
-2.873465868701721715e-01,-3.048862621279202934e+00
-1.082382503763010373e+00,-5.031311152505563378e+00
-2.237918729256203887e-01,-2.546224069469788631e+00
-1.097190290262330725e+00,-5.006480395011589479e+00
5.319635567916328744e-01,-5.139085678685704206e-01
-2.200926180473598923e-03,-2.476646740128886748e+00
1.889568529314102241e+00,4.662871180516556358e+00
-1.124446957659821944e+00,-5.493837375825601832e+00
1.040528528180157952e-01,-2.028806842535286314e+00
1.108416894495535709e+00,1.132202967339926536e+00
1.685332437622473867e+00,2.481589295064322798e+00
3.351272128223655167e-01,-1.307428159820740454e+00
-1.143874126131822155e+00,-5.491904975506848530e+00
-1.011055950393861647e+00,-5.831316798564955661e+00
-1.108957226315996802e+00,-4.692515241777316604e+00
1.814848327457719401e+00,2.795787040785729261e+00
-9.140590273284766587e-01,-3.872503918596557071e+00
-5.522573028679479412e-01,-3.447399094259937069e+00
1.977300976556562118e+00,3.519363878982914251e+00
-3.327054262914392324e-01,-3.319452148951543613e+00
1.889011312978569501e+00,4.899539105971692621e+00
-1.459590500607777175e+00,-6.187399479249074297e+00
-1.528196672807824896e+00,-6.029437787592113906e+00
7.902342717340326006e-01,8.485012161601577230e-01
-1.200143561781762402e-01,-2.614676026489039184e+00
-1.595958593660723901e+00,-6.565546016178388733e+00
8.303044084486280729e-01,-5.758144358781880356e-01
5.002887886551569130e-01,2.846962136858304238e-01
1.528309148650296878e+00,1.957529935906473950e+00
5.684252932283880844e-01,-5.592623420394166045e-01
2.217378069104662952e-01,-1.738452293378666358e+00
-3.090015798901283861e-01,-3.038245087172614767e+00
7.529218172420880650e-01,-1.355318643810181634e+00
4.036002983171421143e-01,-8.852984410950173189e-01
3.726300228574792039e-01,-1.891955407093803165e+00
-1.797942445615654306e+00,-7.627435088341541380e+00
2.974571823601396270e-01,-1.370693913724452262e+00
7.681347742732060058e-02,-1.718160687429193256e+00
1.924752192048556410e+00,3.292126939737352931e+00
7.479230693926659512e-01,1.276342032169561769e-01
-6.244345193886232659e-01,-3.969752163671758538e+00
1.508924385699644821e+00,2.587912634233595632e+00
2.161839315521642657e+00,3.221565159269891510e+00
1.076979432257735292e+00,1.368159867374240557e+00
-1.974329996380820018e-01,-3.020414985784942274e+00
-2.024835980092199783e+00,-7.867089876079039534e+00
-1.440510010423754039e+00,-6.420275615220073284e+00
-8.535311101019212865e-01,-4.361343653596498449e+00
6.687894824097753155e-01,2.126269018622823914e-01
1.457099095311482184e+00,2.943889213913852387e+00
-9.196468393621916038e-01,-4.044726738760153317e+00
1.179292833920549066e+00,2.709144382537685747e+00
-6.202820355305940225e-01,-3.952895581592649421e+00
1.695948812533050187e+00,3.027155178449634221e+00
6.662611351585507879e-01,3.873278600804538341e-01
2.377200624272636231e-01,-1.967607925865038521e+00
-5.938506543921397984e-01,-4.111037903504889179e+00
8.737586697538037850e-01,1.510440412893836459e+00
1.304873135355333558e+00,1.083899482056517538e+00
9.885056674579448810e-01,7.057366599178784838e-01
1.849055127584667391e+00,3.772551746223643754e+00
-3.081343015916268024e-01,-2.614907537395266601e+00
-4.365719222056000937e-01,-3.663913269084394742e+00
-1.077622501070247374e+00,-5.047762347012566764e+00
1.376843879888938860e+00,2.916819914590176310e+00
6.523256990138859290e-02,-2.466096450476797486e+00
1.070132936479521318e-01,-1.658634128727205059e+00
3.694551190773743832e-01,-7.827161650839885576e-01
-1.221318593118549289e+00,-6.549544000171704461e+00
1.791951392714170865e-02,-2.208038601312518168e+00
-1.530271243657496338e+00,-7.512851981533327006e+00
-5.695513288860631906e-01,-4.817150420270481348e+00
9.393510335867890637e-01,9.365229562741165248e-01
1.206850830728593005e+00,2.020005776913510243e+00
1.056711017531828833e+00,6.342816926870654681e-01
-1.020037736107545223e+00,-5.554551232187131760e+00
4.309287469492888434e-01,-7.932153005654815070e-01
-1.680535243043528304e-01,-1.752592856020636969e+00
3.848895691431264976e-01,-4.437727099068523029e-01
-7.075445962098582120e-01,-5.265715255621085333e+00
-1.333885225620509429e-01,-1.777505219882040688e+00
-1.999620812290049843e+00,-8.367896131512141622e+00
6.476355006428373695e-01,-1.334827697337745422e-02
7.879057952791584940e-01,4.714967028007190919e-01
-4.854784207947838715e-01,-3.548701162084499927e+00
1.669657526518181778e-01,-1.237465216096953480e+00
-4.363308525470800392e-01,-3.018494894267761630e+00
3.127404038336192293e-01,-1.916297335973677018e+00
-1.212434643781626464e+00,-6.106032655751776339e+00
9.673346824959929702e-01,7.206852438050452836e-01
-7.006075357063583364e-02,-1.214981429579779393e+00
2.179754802009779890e+00,4.505177588324714932e+00
1.638901924789702425e-01,-1.616824962533895071e+00
-1.678446126822361828e+00,-7.067216022428449484e+00
-8.933889266823005215e-01,-5.784103550167074559e+00
1.150551403467231060e+00,1.203565256169141451e+00
1.880761753725076035e+00,3.568234297361661866e+00
2.243247825847264482e-02,-1.172833063616764981e+00
-1.093394110911055872e+00,-5.577042508970923684e+00
-4.696463296868266246e-01,-3.403372355868908183e+00
-3.979894776654229194e-01,-2.344393331317889739e+00
2.857218166324501096e-01,-4.849223903036764538e-01
-2.322461130640658844e+00,-9.039494626364419361e+00
-6.210480546705806626e-01,-4.176525661493530883e+00
1.990212025759220960e-01,-2.433327041862533235e+00
-2.673107212261289334e+00,-9.675325477798347507e+00
-8.851975217016027075e-01,-4.113390792705739152e+00
5.492505795040393268e-01,1.235510004335532153e-01
4.403591435525258668e-01,-4.211773457858873360e-01
-2.888301266437048320e-01,-3.153791579754737562e+00
8.566626847402709632e-01,9.769420107536267439e-01
-3.353572166129737964e-01,-2.760680335386059614e+00
-1.488349458331264641e+00,-6.816739175953322238e+00
-1.323416150451315998e+00,-6.260280574970831680e+00
-7.252844255537251872e-01,-4.292829492814057346e+00
-2.818972875170374648e-01,-3.415761503446398173e+00
4.387133924495246751e-01,-1.250735894272283044e+00
1.344705486061916311e+00,1.583183324249707979e+00
-3.608343368037574828e-01,-2.271721942102074454e+00
-1.248723090110619882e+00,-5.743796536590489943e+00
5.565306911224596753e-01,-1.868774335721223590e-01
2.418139397485854214e-01,-1.287539457627229211e+00
-7.439604214307188323e-01,-4.834216278404812606e+00
6.944495303808281284e-01,1.669937491168371757e-01
9.626667237740610394e-01,1.001036723878040657e+00
2.722124095541471611e-01,-5.791183940601115632e-01
-2.805651613975724268e-01,-3.008131804099098083e+00
1.005366751011618209e-01,-1.684870434439392106e+00
3.758524543659226280e-01,-4.783490824531048680e-01
-3.926437161260107889e-01,-2.744133895783323229e+00
-8.077922628554763673e-02,-1.699577621351933576e+00
3.685279906770632108e-01,-1.528861454368035000e+00
8.282749227070665965e-01,9.534077631952337928e-01
-8.143235487569424613e-01,-4.975842792157772365e+00
-1.278752309616019378e+00,-4.909755159278485159e+00
1.418889823691429630e-01,-1.412029522282582050e+00
-1.413840432316994189e+00,-5.376182808550103331e+00
1.478892270651540330e-01,-1.665092837555918637e+00
2.020699105814587060e-01,-1.924281545328667020e+00
-2.779107440319915079e-01,-2.212572090269446790e+00
1.986282039635692276e-01,-1.556403288804244944e+00
-8.235903844989526101e-01,-4.071501653796469000e+00
-2.361775281844949337e+00,-9.020149049365979721e+00
-1.235780736206665065e+00,-5.891771710073714807e+00
1.029974206885905623e-02,-2.587911042138259621e+00
-9.103171016341170541e-01,-4.620758675006997329e+00
6.766224300130210256e-01,-3.464217911853781917e-01
5.149165291835039460e-02,-1.597946591195279709e+00
-5.426934007172451446e-01,-2.531288356646277826e+00
-1.084639645217392978e+00,-5.256956231148667946e+00
1.306787199109384012e+00,2.310272444573182149e+00
1.389912540947966901e+00,2.337921982202649573e+00
-1.647008321917125262e-01,-2.648711020939174876e+00
-6.642877336890888884e-01,-4.429575258390758385e+00
-1.161723434112129194e+00,-6.001558280428145764e+00
-1.192293503172381808e+00,-6.345435438042717813e+00
7.677764295194940969e-01,6.712485895905515587e-01
1.057812530530532591e+00,1.846960141919522291e+00
4.699266066199989655e-01,-3.807585003333578966e-01
5.687214251621743877e-01,-3.681248597216906226e-01
-1.971002609820110274e-01,-2.798910130340567903e+00
1.705720895717370622e+00,3.946953915521481449e+00
1.162539964930309200e-01,-1.213249453447437842e+00
-2.162979976094147050e-01,-3.010887749944494374e+00
8.155972197133128931e-01,1.214667447786109467e+00
1.086743322052584393e+00,1.684342879560293049e+00
1.025150811763110070e+00,1.372736781620586211e+00
-3.367247109777251612e-01,-2.848481705508399298e+00
8.355459225667171141e-01,4.717011611311817676e-01
1.957678764612990951e+00,3.871694517350107834e+00
3.580610206593841105e-01,-1.085833236434272431e+00
1.043641517848443279e+00,2.966265953355326612e+00
-1.053440319759069821e+00,-4.673719210755005626e+00
1.841525812424260056e-01,-1.950470103052201587e+00
-5.999126906502664225e-01,-3.474672507278673717e+00
1.065109014980159641e+00,1.549681059925071658e+00
1.240695351045515427e-01,-2.501071478946089499e+00
1.654603898571882725e+00,3.795777182822868134e+00
-7.058600840694292389e-01,-4.987742340354010651e+00
-7.644477043323855137e-01,-4.215603229173510158e+00
4.970583293914795364e-01,-8.986526300907518028e-01
3.096869915788956762e-01,-1.203102869864787428e+00
3.663110397852295530e-02,-9.938501812571411964e-01
-5.300756501542843724e-01,-4.176026419578835025e+00
-3.005494484278285472e-01,-2.269681823009544352e+00
-6.351846901481067453e-01,-3.223170887220107694e+00
2.941534281664999750e-01,-7.299304144797964522e-01
1.578202357660986932e+00,2.288762859330738308e+00
1.313113279897111907e+00,7.794769373625187736e-01
-5.663520028599808992e-02,-2.627482615935103016e+00
5.956642853927807124e-01,-3.827378221899206401e-01
1.598781995726634264e+00,1.994038773428783884e+00
-3.492647503117681240e-01,-2.935217625722604140e+00
4.574698195918777688e-02,-2.735658479047482050e+00
-1.724465594696388493e+00,-7.419320065093807592e+00
9.490499652340010917e-01,6.088277426985799767e-01
-3.282414556526983551e-01,-3.231321498217930355e+00
-1.584204104789653789e+00,-7.295366329505740488e+00
5.316631570956907860e-01,4.933087746823899833e-01
-2.073030932010707428e+00,-7.793752130442426207e+00
-5.233357453224767308e-01,-3.833431171596694664e+00
7.217069083959233300e-01,-9.244605472244887823e-02
1.289197021208103422e+00,1.834147707318671383e+00
1.323727833457265524e+00,2.059457322263261947e+00
-4.112870471441094911e-02,-2.100014411532443503e+00
-1.577561084846461403e+00,-6.456817608289494359e+00
7.313129995346067114e-01,-5.476544346061027468e-01
-6.566709823767372667e-01,-3.604446029904621263e+00
-5.756549249525378942e-01,-4.010614178864458701e+00
5.075136833637168277e-01,-7.740360230857830093e-01
1.602774411598853144e+00,3.710499294047268748e+00
-8.976828952223312452e-01,-4.356893290925373918e+00
8.870404024270156507e-01,1.078361176690944445e+00
6.287416592759734746e-01,-4.516360614301740406e-01
4.982674738010596793e-01,-8.494714240960405949e-01
-9.009634720817484566e-02,-2.573432899233048854e+00
1.427402467504133909e+00,2.488811175672859477e+00
-5.998482957601737331e-01,-3.950828759441054050e+00
-1.576629631063132531e-01,-1.675870683242504100e+00
-1.029190279479690551e+00,-4.769131967727873622e+00
9.128420755084662996e-01,3.614113462542699051e-01
3.034635435061410758e-01,-1.327455958583539708e+00
2.073171508483920178e+00,4.236684734466322766e+00
-1.335985535969254345e-01,-2.785317785273283775e+00
9.666459697285526009e-02,-2.240271180119048910e+00
2.482931242967958141e-01,-1.165143182601359850e+00
-6.830569914991331260e-01,-4.222004477908899212e+00
1.689199086689610052e+00,2.997189652604925758e+00
-3.121616805839159681e-01,-2.981102256421443997e+00
-9.404613768458993661e-01,-4.948451839151125853e+00
1.553293112665883990e+00,3.036434950886846451e+00
-1.293260012035641005e+00,-5.606512437152780137e+00
4.120566725326381685e-01,-3.403326197579765178e-01
-2.354027281629944221e-02,-1.078347159331356941e+00
-2.802689309900610048e-01,-2.044421517969631452e+00
6.440246310049223544e-01,6.521725215481175009e-02
1.783963644944667748e-01,-1.432897758095748264e+00
2.134766253326519092e-01,-3.025159571638049716e-01
3.768090021714792237e-01,-1.772067754900236158e-01
9.497135596037996619e-01,5.220451727791552976e-01
1.463954557813794022e+00,3.232810408129971780e+00
1.370115542334901182e+00,1.638837655858617293e+00
1.952852155710304433e-02,-1.743656699278874900e+00
-7.780501397970199795e-01,-4.037755925602545481e+00
-1.111968024495151974e+00,-5.089278610904679923e+00
1.021746195806392393e-01,-1.121585198201858313e+00
8.964328936710278528e-01,1.477493226366471957e-01
1.408396526384865684e-02,-2.346081117942036887e+00
-3.945835890869814899e-01,-3.494929470118481429e+00
-5.698562238150128856e-01,-3.760757431500954429e+00
-1.113986672754863738e+00,-5.098538563204538576e+00
-6.999775480405195927e-01,-3.646777889859354360e+00
4.198746415881478011e-01,-3.871532555021662270e-01
-1.369680401621049093e+00,-6.534686156895102904e+00
-3.389312314907082235e-02,-2.679358216380816504e+00
6.081996174475738925e-01,-5.462497359793309082e-01
4.028209558197548557e-01,-8.271446307113846652e-01
1.687331365788432014e-01,-1.300951127529721196e+00
-6.256973450013847415e-01,-3.779948487563803639e+00
5.016361504418120898e-01,-3.187136622619092252e-01
-1.901574844112322804e+00,-7.254375858656824327e+00
1.359967230058141130e+00,1.661579136605372264e+00
-1.742669261975162975e-01,-2.046455809750104216e+00
-1.804642197556934613e-01,-2.265120106833534042e+00
2.188012455737511353e-01,-1.824582132015959424e+00
-1.898083614470306824e+00,-8.206788310259627295e+00
1.819178039031278671e-01,-1.438129544246237845e+00
1.408971930157107089e+00,3.289334887339579794e+00
-5.302390852897976847e-01,-3.972778067271796054e+00
-1.408668576532345007e+00,-5.746060644617745794e+00
-2.156963402123616369e+00,-8.718276404686632119e+00
4.986219259989438934e-01,-6.915698073441676197e-01
-5.291479482641583409e-01,-4.157102151477403140e+00
6.522493184515344433e-01,-6.752959069961185223e-01
-1.263786249268338491e+00,-5.878397021325094229e+00
4.154321759465763875e-01,-6.113167491117812435e-01
-1.382835447853278721e+00,-5.714260116251702826e+00
6.559851723147734903e-01,7.997363257714698026e-01
-9.625281576117360460e-01,-4.541963427676169118e+00
1.810819057306915170e+00,3.565428001567329197e+00
-8.997386080803565500e-01,-4.592227488347089270e+00
-5.229745755671962870e-01,-3.443214289854899413e+00
6.506368360191785438e-01,2.973047328702512759e-01
1.806192923777667422e-02,-1.502904721728595794e+00
-6.918343450260564520e-01,-3.858944753233576552e+00
3.617533038313280325e-01,-1.571247541468803410e+00
-4.234092983249783115e-01,-3.517826569597178210e+00
-6.343574353039679314e-01,-3.757769552488381404e+00
1.173170679427405050e+00,1.368479987712869717e+00
-6.655558091295678269e-02,-2.146327998927157310e+00
-5.365491591138552563e-01,-4.247126753642356256e+00
1.429191704529941376e+00,2.221175880702384919e+00
1.106019031589054125e+00,2.059936294342718188e+00
-8.955669427363582846e-01,-4.405963371333043277e+00
-2.634914556545744357e-01,-2.496277910256048393e+00
6.818094154053511158e-01,-1.018590332760111794e+00
5.102046700959079750e-01,-6.183910238201475451e-01
-9.337609919564489047e-01,-4.732840824552621228e+00
-3.619452301805605177e-01,-3.228830851066704977e+00
-7.869158007108564834e-02,-1.998689942441741252e+00
-9.981486758844863028e-01,-5.090797516821895741e+00
9.126886222621135580e-01,1.277698481386177587e+00
7.923437298453241961e-01,1.063945538768875210e+00
1.198027075514190853e+00,1.899218200276338031e+00
1.829681218071942672e-01,-2.124369262840385630e+00
8.735714031768822274e-02,-1.956753113781063647e+00
-3.057752867310538705e-02,-2.411779856189425253e+00
-1.899647858557779623e+00,-8.830930739112126560e+00
-1.264394006789316016e+00,-5.540860454845121907e+00
1.614882526117734196e+00,3.384268699267891645e+00
6.314743976618844012e-01,4.777541965115277289e-01
-5.696302199930580734e-01,-2.629684843721783238e+00
-2.718146224787839071e-01,-3.136004323355654044e+00
-2.490842256976959213e-01,-2.302518504109089648e+00
2.095767398394243752e+00,5.176099809283711828e+00
-1.720727690781234998e+00,-7.955904263179492730e+00
-1.536764398160227918e+00,-6.812644887508652047e+00
-2.149580193152270002e+00,-8.964617613924026784e+00
-8.273862423967466295e-01,-4.249120620574457163e+00
-3.290127680599232163e-02,-2.524412807435011619e+00
9.730381530289889877e-03,-2.606964271777779452e+00
-5.982994574612725547e-01,-3.619644103862875273e+00
-7.007218988941955884e-02,-2.164823926693808076e+00
-6.966323936463670874e-01,-4.446118880165770726e+00
4.407860483023169351e-01,-3.536096737173076709e-01
4.836186479340313094e-01,-6.498041712835286310e-01
1.291150862299975222e+00,2.058950446217161279e+00
-5.937479118470558870e-01,-3.969332127210352557e+00
-3.155849962347438420e-01,-3.876610681785218393e+00
1.863042322841807763e-01,-2.408808686460440107e+00
3.704578178396440991e-01,-3.932042895976273766e-01
-1.243185942379724018e+00,-5.122663285316337856e+00
-2.423023182500715356e-01,-1.949482809273132666e+00
1.386138189825494971e+00,1.970422361336797490e+00
7.339006876901790211e-01,3.052154018841977123e-01
9.637909935126216521e-01,1.562180466075245189e+00
2.448938709269286029e-01,-1.513394139386232684e+00
-1.852538767086591874e-03,-2.078087313694870986e+00
6.066113028998130208e-01,-1.027381198859767863e+00
1.223579578885636288e+00,2.417723061031631815e+00
-2.226627245973043845e+00,-8.379116834138315539e+00
-2.372893096033459326e+00,-9.716667406887168568e+00
-1.769197558988079511e+00,-6.917520024738681883e+00
3.694279521024487756e-01,-1.447869424170826314e+00
9.645457463436215573e-01,1.964665170297854369e+00
-1.591654540559953590e+00,-6.568415858169720956e+00
-3.333492740640000562e-01,-3.409646024958727484e+00
1.559807935186660943e+00,2.936410765331708639e+00
-9.016037332164981155e-01,-4.580417391215442002e+00
-4.708472071186291935e-02,-2.543395159666770766e+00
1.064305930645276677e+00,1.417553361385881283e+00
-1.447699843497270988e+00,-6.858228472379940932e+00
1.067012787573411670e+00,1.760733074610921545e+00
1.275723683283191745e+00,1.580770585040172760e+00
1.163112681888001765e+00,1.182205831425687581e+00
-4.862537820360872676e-01,-3.518360104153367640e+00
-1.181750964989220609e+00,-4.665819224152489397e+00
-1.191304207455207376e+00,-6.266765179464477420e+00
6.121403472438294857e-01,-1.022102166015891184e-01
-9.971735902650334660e-02,-2.412365530198048891e+00
-2.817776025499975745e+00,-1.082480060694800628e+01
-1.235072756551641032e-01,-1.763605712214587395e+00
2.634126674671684043e-01,-2.239347431980946990e+00
-3.551580412819702742e-02,-2.078713441869812772e+00
-7.878076732392469417e-01,-4.293708271437034263e+00
-4.091992498480447327e-01,-3.521889519775900368e+00
-8.582096589210344018e-01,-4.058658520023178617e+00
-6.333299924526256119e-02,-2.730176085598245095e+00
2.563775463308431424e-01,-9.725658906022733863e-01
-1.238761602189515809e+00,-5.172047954072569453e+00
-5.061693845314316764e-01,-3.185447228985736068e+00
2.564820932788826058e-01,-1.077459412961349283e+00
-7.473682064494724386e-01,-3.607660555263602298e+00
8.813251921307234393e-02,-1.648709699186804212e+00
-1.308582643120516975e+00,-5.104642250966486827e+00
-9.454202832592333017e-02,-2.973622363460799889e+00
8.733298806359937050e-01,2.355133301956994774e-01
4.849582168186872821e-01,-6.420628655231691573e-02
-4.992758347344209424e-01,-3.428179926394235633e+00
1.853817341219821335e+00,3.557881355543009771e+00
-1.067565818457070437e+00,-5.490884589139744421e+00
1.328116915336195358e+00,3.417473213255587172e+00
2.201143365993705192e+00,4.793258807247256392e+00
-1.592259744954418466e+00,-6.236955214681271897e+00
-1.293757339199053780e+00,-4.957315680503001865e+00
-1.551721752676380461e+00,-5.818502045804963885e+00
1.992455441233286217e-01,-1.598084301796608209e+00
1.237775271708849267e+00,1.400691300521502924e+00
-4.032313643665668690e-01,-3.478961757771395380e+00
-1.698048951312228216e-01,-3.359010694556166854e+00
-1.099777716415060835e+00,-4.843399837666646945e+00
6.026829477529375145e-01,-2.121812805792894219e-01
-2.252140423149069925e-01,-2.670844476595264805e+00
4.774669549295079141e-01,-5.297163569988810883e-01
7.074058520494197477e-01,4.002633357962414040e-01
-5.457801407522302334e-02,-2.320018386253308140e+00
2.692315762773319077e-01,-8.312205985696948796e-01
1.729098522279773453e+00,2.759207753466768942e+00
-1.557804759374858294e+00,-7.082651699713768068e+00
-3.694445297467652267e-01,-3.744075591467794339e+00
-5.864682269317287311e-01,-3.131294407280691861e+00
7.721506017725091597e-01,-1.172069455630961432e+00
1.039242162816022885e+00,1.034323521180592342e+00
-8.133297409659105970e-01,-5.043776082613563361e+00
4.902274650100547637e-01,2.468143665011709453e-01
-8.079338328370102573e-01,-5.527377211551094405e+00
1.083133886144305169e+00,1.035455320637640453e+00
6.286784379531025202e-01,6.275010730008252491e-01
9.447286114180336591e-01,-1.291185852221813368e-01
-5.891541416208984083e-01,-4.024025208063554793e+00
-2.879970310997772565e-01,-3.084353831461440709e+00
-1.592355852672957983e+00,-6.712995593476183132e+00
-5.246040021912156126e-01,-3.595541205896448655e+00
1.674581084858104196e+00,2.864000231628150317e+00
1.301629724032208557e+00,1.455284962024361750e+00
-1.492188473487472189e+00,-6.621424819088987945e+00
1.073590820832978743e+00,2.110079124248560145e+00
3.017548058016874049e-02,-8.083657803381081308e-01
-7.912461889162901718e-01,-4.875163065714424704e+00
5.031110529324260838e-01,-9.171516182325833988e-02
-9.259806304704421009e-01,-4.383133475421206349e+00
-2.172263271447515132e-01,-1.731629504917826523e+00
2.709928757067616156e-01,-5.887859199495547591e-01
-4.466070298980047704e-01,-3.101590198130856901e+00
-3.466681735231963435e-01,-3.253158037563788962e+00
-5.071107979573965530e-01,-3.263246655227648230e+00
-4.199926332764164494e-01,-3.070924754528827627e+00
-6.692294413546278076e-01,-3.690224234207416742e+00
-9.842571639777723813e-02,-2.533163016696957204e+00
-1.876650897367104776e+00,-7.599446252257314960e+00
-7.589713427645784494e-01,-4.333099502021036997e+00
-7.564002373620932751e-01,-4.902695114743216287e+00
5.444516954617838467e-01,1.556108262132733788e-01
1.644625131280346819e+00,2.644043434695852568e+00
-2.045189566174276941e+00,-8.151754194675646659e+00
1.528741554786237078e-01,-2.059626779991501344e+00
-2.093004506482496030e+00,-9.373497489125288240e+00
8.740773207447453952e-02,-1.979049722086763330e+00
-1.037901414763993779e+00,-4.751590481152454970e+00
7.500562398625785221e-01,7.837305777959699959e-01
6.785662074383471687e-01,1.283289296421424863e-01
3.297311252030334927e-01,-1.097873142994710394e+00
-5.190178372292048037e-01,-4.381032233362442518e+00
5.263956219738294973e-01,-3.105965269429671327e-01
1.090236041408523676e-01,-1.758271291621600785e+00
-9.781801616090237683e-01,-4.815809676279080520e+00
-1.388541629842753589e-01,-2.015778277584243661e+00
7.221314765237547562e-01,-2.994442644184106550e-01
-2.986790057234782747e-01,-3.292124882455574220e+00
1.003333644187972551e+00,1.218277107325414610e+00
2.965457219418350387e-01,-6.010958609412174747e-01
-3.878847470086033700e-01,-2.505081280194502824e+00
-2.260989897296377560e+00,-8.571397755906437155e+00
-1.455166611024465650e+00,-6.184390355598611499e+00
3.294870049461910422e-01,-8.076513384180209476e-01
-2.859068798105709464e-01,-3.208143461742551050e+00
-8.627318485088385225e-02,-2.071529774103470167e+00
-2.442479611200596701e-01,-3.270702845655875990e+00
-1.022647979056282019e-02,-2.315247676414823985e+00
1.807861310725360937e+00,3.473948352295573638e+00
-9.151167585509215607e-01,-4.406972842068491936e+00
-8.356824830696502060e-02,-1.141355713843846820e+00
-8.235354414733175865e-01,-5.032301734837219875e+00
-7.696078561208075097e-02,-1.733384847901823234e+00
-1.902935001213539867e-01,-3.163784786791399739e+00
3.678277911829176960e-01,-1.324267940985846659e+00
-1.988727518439256547e+00,-7.630759355138732936e+00
-9.179477425004477498e-01,-4.228811858003915347e+00
1.331529922736837346e+00,2.224236365538863947e+00
1.776369616650661731e+00,3.355365527290663508e+00
-5.806339285984462029e-01,-3.411301114994991224e+00
-1.287143069016574604e+00,-6.828321155138436183e+00
-4.372418622591499604e-01,-2.096231625053101233e+00
8.828126850854588481e-01,5.886114248262874771e-01
1.876807199717475949e-01,-2.338912308636809101e+00
-1.122384145337333550e+00,-5.561243108454980266e+00
-3.036454715512567071e-01,-3.028735161853540969e+00
-3.046098588132322149e-01,-3.140069181167276735e+00
-1.476639561396560385e+00,-6.268506469210544552e+00
8.433208635765707673e-01,7.727514821574278381e-01
2.082432307144197609e-03,-2.284071362606593603e+00
-5.331690694427790866e-01,-4.351843978706739335e+00
-5.776021560895058249e-01,-3.431343068143258623e+00
4.439729414656196083e-01,-1.744815201448540187e-01
-1.141464075162793801e+00,-5.563046304345999005e+00
9.235129881703862953e-02,-1.654926159606014080e+00
-7.681636350474084773e-01,-4.870307952948200736e+00
1.207235991272630260e+00,1.917727283500748836e+00
1.415729669367606913e+00,2.332120000349581002e+00
4.704134452014159806e-01,-6.027851061622863105e-01
-8.069507411941351238e-02,-1.394684636614506479e+00
7.046773453067484150e-01,-1.865563702462891826e-01
4.583122759092935206e-01,-1.347146064413567768e+00
-7.264291409281133927e-01,-4.186702495273355140e+00
4.705358287978531062e-01,-9.151450897885020641e-01
7.227467023764904130e-01,1.626671521954520805e-01
-1.716816806863846523e+00,-6.270268159662903074e+00
1.031549601528897853e+00,1.803880613137469613e-01
-8.367857602783250748e-01,-4.176935870919934679e+00
-5.028791671838047650e-01,-4.050469606325767025e+00
-1.834428163069460327e+00,-6.616423504371734765e+00
-1.705267667327582615e+00,-7.210874796911801887e+00
1.063335327291836663e+00,1.532934950263838747e+00
6.644793510235256218e-01,-2.691780182510172814e-01
-1.981363478984840831e-01,-3.357449559295328179e+00
-2.131455994869721204e-01,-2.637938092089729736e+00
6.680944121362347721e-01,5.088951592078101438e-01
9.347536221907938314e-01,6.973636498435870079e-01
-1.524519951077371482e+00,-6.386111637807268870e+00
-1.801209443688961409e+00,-7.712111066512625790e+00
4.535061300071207557e-01,-2.722877140966538101e-01
-2.161683847817027715e+00,-8.487661688484303468e+00
4.112505696685168632e-01,-1.035189341254628914e+00
-1.217929359799746258e+00,-5.819130752083727209e+00
2.571537488531981719e+00,6.320487255184447761e+00
-1.061344048493351039e-01,-2.247370778342056674e+00
7.200533334002959807e-01,4.706299460840187576e-01
1.648590669804972153e+00,2.924517502457390172e+00
6.507726271612189750e-01,5.202528436758261376e-01
-3.004477837334249557e-01,-2.939739281941842197e+00
-9.554330060856630613e-01,-4.959821075415385749e+00
-4.152466076857764254e-01,-3.672074090954169812e+00
-1.416015681272706217e-01,-2.732637880365813565e+00
-3.580711238856416623e-01,-2.678213254628666551e+00
-1.040418360603005077e+00,-5.697537315136896652e+00
-2.129032749088771992e-01,-3.851466115359258868e+00
7.091665835147387131e-01,-3.685468543268774488e-01
-1.034355128112025152e-01,-1.945964943589327589e+00
1.115053267412546401e+00,8.651873024954650493e-01
-3.836442978833312645e-01,-2.969952088147485902e+00
-1.057067146661877510e+00,-5.167878972443486596e+00
5.762251543008382049e-01,2.489307311788591104e-02
-1.440576630427429006e+00,-6.012564229296901708e+00
-5.789319502257212618e-02,-2.207094360571058012e+00
-1.461315465256977086e-01,-2.242987121112126392e+00
6.403401751981433465e-01,-3.526618001042368111e-01
1.705371148595450581e+00,3.360843707927646307e+00
8.994630785474068135e-01,1.491669877620422469e+00
2.492316927961230610e-01,-1.579235353431127198e+00
-1.966125237003515380e-01,-2.881477919643176566e+00
-1.238325574409459451e+00,-6.037474318782453331e+00
-4.138095763824631290e-01,-3.556498704492438989e+00
-7.833423320329280237e-01,-4.128087036263652365e+00
1.549510401301934293e+00,3.289015083707305998e+00
1.562661684703332110e+00,1.751082622703659997e+00
6.548752516344227281e-01,-6.548504389310001450e-01
-9.696817916080546773e-02,-1.623572369090205303e+00
-9.855601395890389860e-01,-4.992657649262675967e+00
3.214234541590581529e-01,-1.464972102295639900e+00
6.275590593910390647e-01,2.894368548157034149e-01
3.099745350106027697e+00,7.525814010009908905e+00
1.520944822492962922e+00,2.121454228274829212e+00
-1.571212215050485084e-01,-2.238219108936214230e+00
2.882231277682096304e-01,-1.273111536689322865e+00
-1.224210892894922242e+00,-6.047617139229101824e+00
1.194707894104181767e+00,1.023966667113420215e+00
2.065205825278381147e-01,-2.751394281562103306e+00
8.799060470817686719e-01,-1.467570709601929702e-01
6.086429067355328751e-03,-2.112143186685855767e+00
9.402427760883352859e-01,1.088450848177401120e+00
1.052098514369570026e+00,1.404426034708295079e+00
1.017881750388897610e-01,-2.016458937792750206e+00
-2.707687726789319793e+00,-1.077990956671255951e+01
-9.339299181681616213e-01,-4.934481784330168708e+00
4.776523745298677515e-01,-2.669674408068707372e-01
-1.560182601742056141e+00,-6.157943725749799313e+00
-3.097297156519854266e-01,-2.890010394869191757e+00
2.502747493521295663e-01,-3.584421512918559705e-01
-1.036191226945853971e-01,-2.439426114068683038e+00
7.457865504426213210e-01,-1.387271634271272647e-01
4.771479261541051731e-01,-8.860793071493076045e-01
-2.374589327821758356e-01,-2.352814068625102450e+00
3.316880874394178003e-01,-3.496621158925462547e-01
-7.912695224954474638e-01,-4.360437190202891777e+00
-7.567264696135239666e-01,-3.691431045782672449e+00
-5.764868440070652911e-01,-2.952333931333474659e+00
9.879718333881863934e-01,8.680455728387881376e-01
-5.661633020309267961e-01,-3.890189203511069671e+00
-4.895611597869286569e-01,-2.761874630183339452e+00
5.674321601626236555e-01,-1.692923393944177901e-01
-2.727047314623369800e-01,-3.041069923843781719e+00
-1.461186329676487650e-01,-1.540652392969562801e+00
-5.091683829626819646e-01,-3.507962264343951642e+00
8.458162236137234391e-01,1.265803901557651656e+00
4.504269965701956924e-01,-1.162998217980324434e+00
2.559195813136393438e-01,-7.966963551871227844e-01
-1.149173248342416409e+00,-5.263375496787300101e+00
-2.748153046293211332e+00,-1.107590183301990905e+01
8.276975661400050310e-02,-8.490690003393677188e-01
2.814762916180737484e-01,-6.167586416071149102e-01
7.307935596070234130e-01,2.684510779244078660e-01
1.263500456798444471e+00,1.808113983717624107e+00
-9.492160268988163452e-01,-5.707964597444281196e+00
5.574650593155097700e-02,-2.033679011567209205e+00
1.007749341680549637e+00,1.048717376013956315e+00
-1.348964065250385369e+00,-6.167578160930944797e+00
1.314954599785475853e-01,-1.105202652214774872e+00
2.357550132599701143e-01,-1.794110849721375578e+00
-4.016072745754153961e-01,-3.476492220061618177e+00
1.102642595768703326e-01,-1.130568775930363756e+00
1.564098074636100399e+00,2.407066757011855795e+00
6.670955724716359780e-01,-4.788925770565881646e-01
-3.913045393806086070e-02,-2.203900172671119595e+00
-5.910755823279140175e-01,-4.620151609639215451e+00
-4.949683754531752911e-01,-3.321618261478567202e+00
5.450217673920515482e-01,-1.117752513332634479e+00
3.188530850104710490e-01,-1.366990304842761184e+00
-9.518943953375124112e-01,-4.916218827480277831e+00
1.214757572934118901e+00,1.337837892203582291e+00
-2.830720715178003943e-01,-2.408024305809789656e+00
1.314196340746993652e+00,2.010247347624766867e+00
-4.587366422785017495e-01,-3.049226324417847245e+00
1.667535697851864285e+00,3.319088919005387606e+00
1.033726127650856474e+00,4.818279194522779862e-01
-9.334337430514794143e-01,-4.813713073415630816e+00
-7.927406595346133678e-01,-4.009564447440027379e+00
2.251302134134685329e-01,-1.161388334003625289e+00
-1.811024240931627061e+00,-7.169991712101798420e+00
4.226525288047418005e-01,-4.768631869986015293e-01
-1.215558523289582693e+00,-4.858322651920096824e+00
3.753900555608202794e-01,-2.017064547612720915e+00
4.957041151951095959e-01,-6.410947401130044909e-01
-2.008303530174337936e-01,-2.888254474216409573e+00
-1.458167666112804017e+00,-6.792102752758506945e+00
7.815692800474827173e-01,3.750109120296160614e-01
6.400915601613306194e-01,1.984166948339648462e-01
-1.985499135840671225e-01,-3.433489730135376838e+00
1.106737503642035492e+00,8.837393239599247163e-01
3.027978077557849090e-01,-6.783650902149376272e-01
-1.253175347074420465e+00,-6.102207469878169199e+00
-2.397752270073760350e+00,-1.054523926098995901e+01
2.244581379716733327e+00,5.492893079080833019e+00
-3.725908887447482165e-01,-2.256089075776768205e+00
2.424403559053404100e-01,-1.946502522372510757e+00
-1.026712451545298277e-01,-3.270065300760954585e+00
3.292677694746581896e-01,-9.756565463801253335e-01
9.199956379179728971e-01,8.716421795034607900e-01
7.884376638070605958e-01,7.935674314391144568e-01
1.207748406785556616e+00,1.960866497544485831e+00
-7.605771942695118693e-01,-3.651961808404692089e+00
1.107196713423913986e-01,-1.370869233993060821e+00
-2.297918080536137664e-01,-2.938056250513090273e+00
1.745323911947441076e+00,3.350931869601530444e+00
6.129974666608338785e-01,-2.977437541987565384e-01
-1.544438578744254942e+00,-6.211955886030844809e+00
-7.593009569996188313e-02,-2.227304783093952967e+00
8.471714260561610255e-01,4.692325589347884351e-02
-5.106353451282359401e-01,-3.699548412089926686e+00
1.884860815036687010e+00,3.527505618555288880e+00
4.164486090530332696e-01,-8.493771762836783701e-01
9.576718416605418671e-01,4.186233570486064259e-02
2.706415613347802118e+00,5.991975487999776639e+00
-1.032312210691754384e+00,-5.079849568738725729e+00
8.996732569277257063e-01,7.539518951716009942e-01
-1.578112120594269419e+00,-6.749071432273392013e+00
1.010512929088570461e-01,-1.688948754926769213e+00
-1.434258220262096262e-01,-1.740374890116071827e+00
-8.749198051358544337e-01,-5.430790747656622841e+00
-9.684487298377669751e-01,-4.634805743827262070e+00
-6.211529435951144151e-01,-3.820319948984522540e+00
4.211856821986263433e-01,-9.050546403693338071e-02
-2.024428960108536901e-01,-1.994337479903246946e+00
-3.198686757465988295e-01,-3.482259745420804187e+00
8.417296426447230528e-01,5.538945550551246377e-01
2.472129567979241660e+00,4.698527112817970419e+00
4.074575979545520810e-02,-2.102541055613026177e+00
-1.790578904542857508e+00,-7.053009473504785021e+00
1.220829747842419599e-01,-1.737282702385676059e+00
-1.361984611640336906e+00,-6.832772239921649948e+00
1.018734011428697350e+00,1.723654477457935652e+00
-3.315351998639365361e-01,-3.909088918870232021e+00
-7.790727095727988105e-02,-1.483766436027619040e+00
8.240900972136380176e-01,-4.275945882886700300e-02
-1.264324029798614690e+00,-5.567849101165706749e+00
4.220460505240374305e-01,-1.225738246995251579e+00
1.195103606846809940e+00,9.828875144826514365e-01
9.130652733645505670e-01,1.000197245475419106e+00
8.053918919252148756e-01,6.370649160309140857e-01
-1.014114261815595164e+00,-6.004772610166960511e+00
-1.247923281227766967e+00,-5.737158950027917648e+00
-6.506388469149628762e-01,-4.293419804807115270e+00
4.213350502660422325e-01,-9.512146687187524874e-01
-5.184996828550002962e-02,-1.850049480582600214e+00
5.712643829385362082e-01,-1.963925678744205539e-01
-2.076569238313021870e+00,-8.893280872459516928e+00
-5.659570643818323532e-01,-3.608057450475348649e+00
-9.779764780897464566e-03,-2.050985069807590655e+00
-8.426824697961389221e-01,-4.553870977315672697e+00
1.108965278152402867e+00,1.127638441788808343e+00
2.994458226645909105e-01,-3.909446788242076920e-02
-1.815236751792738579e+00,-7.256040426140764055e+00
5.587662565943606746e-02,-5.068709626620406805e-01
6.234024820644419318e-01,5.898648816841477460e-01
-1.181500683464458579e+00,-5.557055434890254553e+00
-2.174437364134669537e-01,-2.986748806223088248e+00
-6.589785106001618820e-01,-4.446133929131530493e+00
-6.838611122435435397e-02,-2.013130847341970231e+00
1.267950834987509323e-01,-2.262232660893204184e+00
-7.173941010129879503e-01,-4.519679799609114035e+00
-5.795879992001511383e-01,-3.219046596949829198e+00
-7.338134595679127181e-02,-1.872656888594641078e+00
-1.350421164987660738e+00,-6.121648110836892087e+00
-1.123729001100447489e+00,-5.585247497718924592e+00
2.337023935381956630e-01,-1.465139455936178559e+00
2.882793903291304138e-01,-1.286240683692440712e+00
1.170063553108491528e+00,2.038835134549658257e+00
3.677255318869848688e-01,-1.121585149101350432e+00
4.113546650390636494e-01,-1.341968436851623814e+00
6.014015908699505975e-01,-5.978364636791855258e-01
6.070488265917264314e-01,-4.581746075615747427e-01
-1.303792569420633152e+00,-6.176359353513987571e+00
-2.783791932519985579e-01,-3.169815334585550204e+00
-2.366469091903028177e-01,-3.332764642911679509e+00
2.137627393459541558e+00,4.538675029606966227e+00
3.142236180266348988e-01,-1.107135988590024933e+00
1.143930725802410509e+00,1.001813114579755748e+00
-6.397894119028665338e-01,-3.653679995864352215e+00
1.127612287829669491e+00,1.367734612320518073e+00
9.944985668864754214e-01,1.154381466154189129e+00
-4.036263409102681665e-01,-3.901334787345270616e+00
8.883210402814087914e-01,7.996590965650312022e-01
1.115059395422218991e+00,6.842599022790022412e-01
-9.634949626355912011e-01,-4.751252378529769338e+00
-1.149726148143914495e+00,-4.526430359958119709e+00
1.491489764066801671e+00,1.813750295425236914e+00
-5.117346026339003595e-01,-3.144476603026439943e+00
4.695285566215035011e-01,-7.864031476218664718e-01
4.521940672100076553e-01,-1.549888225124996133e+00
2.111384194338231102e-01,-1.326166463704525400e+00
2.356401592715670901e-01,7.889215638252844442e-02
2.549608429908166052e+00,5.170325475895515055e+00
-1.546090433671357012e+00,-6.324805173678242909e+00
2.632871465823725665e-01,-1.240979954665434093e+00
1.431730640552859368e+00,2.468868641090073979e+00
-9.470775522279459846e-01,-4.419834883186355867e+00
1.816633941975867930e-02,-2.589594302542825854e+00
4.045412718693817689e-01,-5.095316345241308609e-01
4.475051349619423545e-03,-2.226941261320279697e+00
8.366556360853639740e-01,6.619953059973322507e-01
3.549181069427976842e-01,-9.491040358931623899e-01
-5.546260445224230340e-01,-3.619499978312611166e+00
-4.173939283481687412e-01,-2.972892770547155283e+00
1.616283934928214538e+00,3.298474059496498523e+00
-2.386530838584909608e-01,-3.161591754158531664e+00
-7.954910743998691025e-01,-4.815400488466605289e+00
5.591521540296269244e-01,-8.124516153214708103e-01
1.373647544001994403e+00,2.465634895612514477e+00
8.217851451613501501e-01,5.092655027606630691e-01
-8.315601627741442403e-01,-4.847352825875720583e+00
9.864816636649073045e-01,-3.551060719766185869e-02
5.937346252914771361e-01,-8.545542172707107920e-01
-3.187863074726058343e-01,-3.622032523596491860e+00
4.353722388727440662e-01,-1.068862572972189895e+00
-3.012513813060779366e+00,-1.182720205792116452e+01
6.471644791185675594e-01,-2.312054559508982809e-01
-2.756041463513061451e-01,-2.459344880086776541e+00
1.029066324433622226e+00,1.017081264309596333e+00
8.245361735965853756e-01,1.293224241182989065e+00
-6.372041607390904749e-01,-3.866351761849303070e+00
1.421516368309477529e-01,-1.924038772869160807e+00
-3.466687693770405532e-01,-2.551140459634366309e+00
1.506787290757620079e+00,2.767265138546534331e+00
1.091132233849645639e+00,7.246870866581172077e-01
-4.524877861871521301e-01,-3.241299086479705327e+00
7.757593300307986939e-02,-1.734035167973090541e+00
1.588644880669176862e+00,2.365295710942576068e+00
7.552922544492735035e-01,-4.460846330928284198e-01
1.056452932745016948e+00,1.765011403500053033e-01
5.627551718528326363e-01,-5.566208826251944908e-01
-1.014259156773507087e+00,-5.186754928363546568e+00
7.554563112733716501e-01,7.481609844672627574e-01
-4.961443008813768429e-01,-3.321047648254703333e+00
4.168795798981503320e-01,-6.332096130880204843e-01
5.732069822431751227e-01,-1.667129158365183716e-01
1.136294360215367005e+00,1.721316898573327148e+00
5.287858119176039873e-01,7.723545734711820820e-01
6.197108541634160916e-01,-8.888825151816039938e-01
1.969517954947393568e+00,3.854252619325955198e+00
-3.065554077949133926e+00,-1.177693082015780490e+01
-9.755989352378858781e-01,-5.254362641746989304e+00
-5.810971989763267231e-01,-3.657558404744006619e+00
1.871161195746931516e-01,-9.712893812649567860e-01
3.439289577910320528e-01,-6.152709808313916451e-01
-3.179988678460576312e-01,-2.995305842170828292e+00
-3.517319047862795811e-01,-2.587269284262607716e+00
-1.033580288092278643e+00,-6.239264097326317149e+00
-7.349941128148766989e-01,-4.829897125520940193e+00
-3.185398577024955435e-01,-2.431028247725984581e+00
-3.180997336276997212e-01,-2.471402440580037219e+00
5.591792464932623385e-01,-2.515142402958426837e-01
-7.345813940496179750e-01,-4.226867877501995885e+00
-2.083975059081170311e+00,-8.411887848963008452e+00
-5.291457113888408115e-01,-3.357257878426036068e+00
2.200810340350196626e+00,4.451097674030965123e+00
-7.660539768885835654e-01,-4.501446522955018459e+00
9.143903002191033913e-01,2.025157354484690142e-01
1.397171873056919145e+00,2.256449884195361300e+00
-6.662206560585220982e-01,-3.992590895200037071e+00
-1.822707323879130259e+00,-7.182410416454287017e+00
2.675692588695903762e-01,-1.678577014967295833e+00
-6.230814339524080037e-01,-4.016395983714319051e+00
-3.153136685428243324e-01,-2.872809048227097595e+00
6.498923114270371837e-01,6.508357635119198514e-01
-3.786222429958258640e-01,-3.126162039660561831e+00
-1.721480093498486685e-01,-2.543273760315992504e+00
4.230158426890948120e-01,-1.311931367188233999e+00
-8.969868942338703466e-01,-5.341598732822292028e+00
-9.502651939622438482e-01,-4.886362888162923745e+00
1.887708401725142426e+00,3.570528934870254023e+00
-7.713516424168195829e-02,-2.579723356038354787e+00
-4.930503539134493129e-01,-3.205537253155231081e+00
3.235140130071313957e-01,-1.516029922705626198e+00
2.166080726272251178e-01,-1.102043962921391174e+00
2.274235986018552591e+00,5.598847080252433273e+00
1.192823657717773322e+00,1.390319230634188497e+00
1.249654758916456831e+00,1.812397349041999561e+00
-2.865975599493711390e-01,-2.969064847928360784e+00
6.776015611205304934e-01,-4.371333607949413891e-02
-4.920492099194337388e-01,-2.860168743556782189e+00
2.728378645332664720e-01,-7.937636198027669954e-01
-1.508663366846520359e+00,-7.484051276710490086e+00
-1.061732767042415038e+00,-5.661818663377788496e+00
1.858502042483263006e+00,3.200729968864502339e+00
-1.284224883346732016e+00,-6.233462963289430725e+00
-7.407097629790715398e-01,-3.932993741022600354e+00
4.216256774082903225e-01,-1.164842927365011160e+00
1.360520030684956749e+00,2.187525252340350335e+00
5.385763871118893764e-01,-1.050946779054151015e-01
7.561979568197196855e-01,7.657805670441709678e-01
-7.512682005415101116e-01,-5.055253321524156185e+00
-1.491421494029429029e+00,-6.521851912621527525e+00
-1.002730055088780103e+00,-4.081021253594529163e+00
1.800958447560367492e+00,4.138065475079634403e+00
-1.128125992456598725e+00,-6.379160818155962254e+00
-8.473591594316574049e-01,-4.266605713946159284e+00
-1.106676134113797838e+00,-6.136437080198221317e+00
2.515196444538504439e-01,-9.450370162156249698e-01
-1.010980053807114976e+00,-4.792950091543284330e+00
-5.347243448416664213e-01,-3.038416031788130578e+00
1.660932792698075922e+00,3.792227124398698468e+00
3.910669446320033660e-01,-7.038420159779056329e-01
-3.518643772784583318e-02,-2.510235379455730609e+00
1.488727506094318143e+00,2.720174055675291136e+00
2.422793488688319841e-01,-1.638745564488107265e+00
1.922520581953583996e+00,4.706290327143418217e+00
1.626926469875488585e-02,-1.778687872144578241e+00
-5.539745474497586031e-01,-3.567689468157338339e+00
9.153357817807027397e-01,4.726708068901560034e-01
-1.155538273446429010e+00,-4.542358960540909152e+00
-8.043381659794550664e-01,-4.592231643151976961e+00
5.787371126652155473e-01,-5.997137825524841981e-01
1.534985393651584040e+00,2.693222140350683080e+00
6.435631620837749534e-01,5.998638573419926567e-01
1.487107825910503500e+00,3.755866810067665096e+00
9.758116774640408497e-01,8.319571552878315401e-01
1.403370052304796278e+00,1.772039667718582123e+00
-5.765302824334477272e-01,-4.300942313812667450e+00
4.338450355063891428e-01,-3.451523713776002422e-01
1.778459223616304097e-01,-1.504660105160895434e+00
1.640550651409597438e-01,-1.731581437067822637e+00
8.804322678085869658e-01,1.560832055724207801e-01
-1.642248513483871575e-01,-2.529561458085571424e+00
-6.353920423046549582e-01,-3.444402931003864854e+00
-5.578479348511382607e-01,-3.386804683768460222e+00
-7.792882299521998180e-01,-4.377043704727739737e+00
-2.848618455053212872e-01,-3.166131941354424217e+00
1.370968862815836964e+00,2.477215304085659930e+00
4.082583641067954461e-01,-8.520100612542647056e-02
-1.163254246343591536e+00,-6.391583968685178085e+00
8.770810581468503342e-01,4.913284396626538264e-01
-7.757857721513512494e-01,-4.976565935425115939e+00
-2.217055285135250298e+00,-9.391653388550203374e+00
1.585423891482237613e+00,3.271635434368258100e+00
8.560461183901185711e-01,3.615631154601594566e-01
-3.761323096323060389e-01,-2.696739148050928847e+00
1.672829979459370175e+00,3.259421731982369952e+00
4.239991131214582154e-01,1.021061542134209521e-01
-2.054388681224877666e-01,-3.008794790200203462e+00
2.067989502536342616e+00,3.837728614202979394e+00
1.939747025084112453e+00,3.725663154091103824e+00
-2.219035022679142211e-01,-2.552136757522556643e+00
-6.004011679075872410e-01,-3.884751198158361785e+00
2.988710631909342608e-01,-9.074407351679266709e-01
1.648867854495142116e-01,-4.451639106788893852e-01
1.976072587778183287e+00,3.618502177835389411e+00
1.891438095031804378e+00,3.752977537046839451e+00
3.052752414440595974e-01,-2.053943174781376335e+00
-7.118419982235000276e-01,-5.415481143011943388e+00
-4.115495015414288305e-01,-2.451749932717934399e+00
1.807702928509052898e-01,-1.983130370860734182e+00
-6.732484971701060417e-01,-4.271890490803240681e+00
-5.867372584213689235e-01,-4.005590330759113193e+00
-5.277191771491712702e-01,-4.201651424648476407e+00
-1.285458362094995088e+00,-6.027083336371840794e+00
2.880033113161549196e-01,-1.334500019115545388e+00
5.242078355054200500e-01,-6.145308040812831329e-01
-4.916230583495270756e-01,-2.721988113178088753e+00
-2.537149669457319678e+00,-9.668992138046764495e+00
9.598198745493832229e-01,2.935808198808891323e-01
-1.064929508472171743e-01,-1.399686786631999524e+00
1.154083866265348313e+00,5.157792443818547401e-01
1.999381850333190602e-01,-5.829340747420094226e-01
-9.203666016035679798e-01,-3.919002598335633358e+00
-7.701317983610226348e-01,-4.668095794129961007e+00
-1.195951216527177730e+00,-5.551675087182623258e+00
-1.854403217691699579e+00,-8.274487942372235949e+00
3.580704621947140565e-01,-9.917897334282557154e-01
-1.067160823898807287e-01,-2.094591265579262451e+00
9.006800783204104155e-01,-1.957294016515361834e-01
2.396321773806859567e-01,-2.267036694300664568e+00
-3.691323676976113188e-01,-3.410733240588621484e+00
-6.640941838730889391e-01,-4.062970777225556773e+00
-6.581397830347438527e-01,-3.977286089995982543e+00
5.228234755837046777e-01,-3.087889286280242063e-01
-8.507311095424554548e-01,-4.531470070735701405e+00
-1.203466953168928821e+00,-6.019756794986713011e+00
-9.235861537473953886e-01,-4.020498465369022334e+00
5.390925846192501369e-01,-9.536625380218346493e-01
-5.340682234160052388e-01,-2.809489170719344120e+00
1.177514216066517960e+00,1.082291901895419350e+00
-1.799650534371223465e+00,-7.352325941488311756e+00
-6.154925367839492178e-01,-3.744393274297264096e+00
-1.374345678519869329e+00,-5.568223904141650138e+00
7.658877285076345354e-01,2.376594891105720531e-01
-1.519586051793734516e+00,-5.837593818015117009e+00
-7.043897394059948081e-01,-4.141032975891331347e+00
-1.285125243411219254e+00,-5.943781054110618634e+00
1.349284660635836214e-02,-2.071262291328291649e+00
-3.360614692128194303e-01,-2.946405816053786708e+00
6.436347458957042411e-01,7.901758491959795516e-02
2.461666845424129169e-01,-1.623891599637979688e+00
-1.704421134743247634e+00,-6.798699129560795029e+00
-9.942596357267642349e-01,-5.109416081798503484e+00
9.415413941906153328e-01,6.440602876244876374e-01
1.250153354069929446e+00,1.754156609904768516e+00
-1.231767008215155945e+00,-4.888496234921936079e+00
1.365204666418742718e+00,1.097176288784319276e+00
-7.060640812262802823e-02,-1.754863165548881998e+00
-9.616790097484650968e-01,-4.845406012692790476e+00
