-6.012369122794706255e-01,-2.920454329444892139e+00
3.905108143401912757e-02,-2.027988620146792709e+00
-1.170100093618918535e+00,-5.611509972028070337e+00
8.247997701818552407e-01,9.377515214720992809e-01
-1.893915859437346194e-01,-2.934146640274475804e+00
-8.517932870075892726e-01,-5.215489555311029868e+00
-6.468895093233197890e-01,-3.433510286156339131e+00
-6.502959108727023319e-01,-3.934888091494148199e+00
4.560425678460487409e-01,-5.848342194016158402e-01
3.726771594479275640e-01,-7.098494933489319925e-01
8.255992310034708792e-01,5.456663825097587406e-01
6.902240287976887378e-01,8.607482202691622009e-01
1.921319397411536956e-01,-1.193696957139030124e+00
1.928052635578855478e-01,-1.296995419303450969e+00
1.485409167840745059e+00,2.793138287576944823e+00
5.260802121968925077e-02,-2.567730030827521492e+00
-1.251333493270796904e+00,-5.442051409820684249e+00
1.010167094203901161e+00,1.491227764374309483e+00
2.169921290661025903e+00,4.088199139991604447e+00
1.476363529389018492e+00,3.101017930320571381e+00
2.408626483555424413e-01,-2.237410027768798049e+00
9.741177674698725530e-01,-2.890762690297814519e-01
-8.093504405359358556e-01,-3.850245577541008046e+00
5.409295243812600740e-02,-8.551704819011586300e-01
-6.647903324082740095e-01,-4.030331072935895875e+00
-3.334311588095240642e-01,-2.516637949944078745e+00
-6.734855919594201490e-01,-4.043871959051140053e+00
-9.874055190734944143e-02,-2.468099886745371396e+00
-9.038220961207603654e-01,-3.942063400354558489e+00
1.095634326854247442e+00,1.815150314109451601e+00
7.702944485288858445e-01,-3.122225829842947276e-01
-2.594391293905426998e-01,-2.708925178563731606e+00
2.105350405624718313e+00,4.125380790724061164e+00
-7.752344460852945707e-01,-4.520014168448178715e+00
-1.177067528367732985e+00,-5.797446965742635072e+00
-1.051935017772814396e+00,-4.701504894734664930e+00
-5.147746245433919565e-01,-3.474920812561171690e+00
1.876306150561450614e-01,-8.972822130458648626e-01
1.949229734628223909e-01,-8.362220748922062352e-01
6.786555753363523458e-01,4.949331089242234305e-01
8.069163203999355494e-01,1.640902893168591836e+00
1.744427020640681780e+00,2.714276027896932675e+00
-1.764010848036824397e+00,-7.321780876436492669e+00
-1.020597828880929064e-01,-1.686084446866014552e+00
-9.912686062105697804e-01,-5.976649452666860540e+00
1.912292415849638383e+00,2.931934391622430969e+00
-1.125725480987506133e+00,-5.616880674488044178e+00
-1.463953199075353206e-01,-1.660765499039355220e+00
-4.556827973635179663e-01,-3.213521199633011083e+00
9.345823022015538051e-01,-2.827579067842778127e-02
5.387447688342762442e-01,-6.556158001759037068e-01
5.940035178577121044e-01,-3.566981464019730597e-01
2.136478989388215510e-01,-2.280002356830478583e+00
2.378408420967630665e-01,-1.413110481874762181e+00
6.729536399301033756e-01,3.632610546292034948e-01
-1.194365389390490639e+00,-5.444646612631448335e+00
-4.948835627645869484e-01,-3.243507359755113395e+00
-1.844657796716719478e+00,-7.937011371023181105e+00
-2.480139632536476901e-01,-3.226986433105985430e+00
-2.087547096280794268e+00,-8.064266172922595288e+00
-1.211468763698780204e+00,-6.080248975395688760e+00
-3.863259014396283608e-01,-3.102224825951866993e+00
2.051570986011068687e+00,4.940712228643948656e+00
-7.612433894823955605e-01,-4.875786624722600493e+00
-5.327476917625264541e-01,-3.736099102029613039e+00
6.473387493562217099e-01,6.691603298231243446e-01
7.623701680700130101e-01,8.444177922010588366e-01
-1.839023191612198238e-01,-3.633898908884426682e+00
-1.350635305143139231e+00,-6.374090888099379626e+00
-8.169162132838833079e-01,-5.419818323616196309e+00
2.040323461132541316e-01,-1.223041615825788853e+00
8.550137653406694183e-01,3.996858584505692535e-01
7.409156772462824891e-01,-1.056117221371383197e-01
-1.381849005762604277e+00,-6.848742181146000974e+00
-4.440691153074701192e-01,-3.993022022488034839e+00
7.414130660155039410e-01,6.091598077423956425e-01
8.119319611157773675e-01,1.670938840908082534e+00
1.167673598837636106e+00,1.364238524952932519e+00
-5.459849699382099963e-01,-4.942742051286602489e+00
-4.712573003293238361e-01,-2.423261929629531686e+00
1.246788677884507868e+00,1.729299392337795283e+00
-1.249018887422399943e-01,-2.849737701603070050e+00
-1.958559639542728770e-01,-3.738326856628338302e+00
-8.695771741743171801e-02,-3.353093057230970508e+00
1.607310901649815937e+00,2.549905855581829695e+00
3.416146253102210761e-01,-7.993451017560774252e-01
-3.488186647104423166e-01,-2.507274926556118722e+00
8.807897305492202733e-01,5.713118198902793488e-01
4.297671216866059685e-01,-6.161758358138372804e-01
1.188638181328368404e+00,1.415173991435933809e+00
-1.031898711666558999e-01,-2.017034791477154698e+00
-4.064610862141560532e-01,-3.538515046864377123e+00
-1.045442723110348693e+00,-3.833256814529661050e+00
9.359082457858336479e-01,1.218004585880626989e+00
-1.747077369396879520e+00,-7.470062064291959736e+00
-7.668647806022642621e-01,-3.511293691128297034e+00
3.892317139315343844e-01,-4.957829822914129325e-01
-3.664169268225365705e-01,-3.517314256917376092e+00
7.044949479851077001e-01,-1.827210320507856034e-01
-1.675013286234891208e+00,-6.902574305344729488e+00
4.795642140583240565e-01,3.970915599784571315e-01
6.754921166712470060e-02,-1.659436637231622047e+00
-1.109745871419121066e+00,-5.572310041993424612e+00
9.183138161542828692e-01,1.115701317600706677e+00
-1.044488681093530547e+00,-5.473559561286514885e+00
-1.997514333303596068e-01,-3.314574586003964818e+00
-7.213429166949142379e-01,-3.778433486566015187e+00
1.275640209355266785e+00,1.378638470326841947e+00
-9.701478711927901538e-03,-1.679287520440181813e+00
5.729580912416022409e-01,-2.634551201782251995e-01
-1.021009139604780902e+00,-4.899684865569865266e+00
3.212323760471648693e-01,-1.562323143527044822e+00
5.067634446692431682e-01,-1.403676778195531716e-01
8.066711120513978539e-01,-2.812257812416323333e-01
-5.209738511716696108e-01,-3.509029513650498089e+00
6.548977198205854222e-01,-5.158961770182770579e-01
1.563166584732595732e+00,3.037880675513822570e+00
1.814555637929565979e+00,3.898863856041443920e+00
-2.001779790898572386e+00,-7.841606643602496263e+00
1.259512003690747894e+00,2.048896833157645592e+00
-6.237136743872104816e-01,-3.749039188379559739e+00
-1.714077837188702214e+00,-7.166987034716476579e+00
2.167160959642314033e+00,4.972050257027188280e+00
-7.191800520551208109e-01,-3.760072069268869832e+00
6.018260960756621758e-01,-8.124832669338269975e-01
2.121591015712592787e-01,-1.640248472011796022e-01
2.275783043627250535e-01,-1.843751955476096160e+00
-2.069855255069696573e-02,-2.614236260397385880e+00
4.745624210748096705e-01,-6.128473085149419575e-01
-4.363225251083940881e-01,-3.126305573933242155e+00
-7.685547387784577023e-01,-3.333605580328113493e+00
8.765108892323367762e-01,4.267067310849339545e-01
-6.954465080436492697e-01,-4.312971631926098226e+00
7.164139285375800137e-01,-3.339825439060492562e-01
5.484668786817240571e-01,-6.299026117583450546e-01
1.723088326958210070e-01,-1.021506543156212032e+00
-7.872581652453929379e-01,-4.438317818797295367e+00
3.723550734558809250e-01,-7.762272592486558764e-01
4.065901735808599010e-02,-1.794226482001656464e+00
-1.400250333332535124e+00,-6.247367191816485921e+00
-1.014291390114232083e+00,-5.717237026265393318e+00
-1.315147010532481842e+00,-5.592237893164877072e+00
4.567504939002366982e-01,-2.157262109807664530e+00
-1.911125692498897854e-01,-3.381563779937565073e+00
-6.574594647011139381e-01,-4.492644567814723544e+00
6.527382744545789928e-01,-1.165745718865953545e-01
-3.862367197882140002e-01,-3.872826518337394219e+00
-3.968823006907453571e-02,-1.302000373697176361e+00
1.528135185699596610e+00,2.402522821549787579e+00
-5.571689873229733747e-01,-3.087241143649206876e+00
-3.800727877377950703e-01,-3.417907159416920582e+00
-1.499937347733604209e-01,-2.127349034205361811e+00
-1.180481805687054964e+00,-4.463835007889676021e+00
-7.619642653093997575e-01,-3.814655842194733637e+00
2.266486449405365811e+00,4.475024691686167344e+00
5.219362340688031843e-01,-6.190402271564091619e-01
-1.665265713088982524e+00,-6.873678194028899568e+00
1.229035193010886040e+00,7.431569688247697814e-01
-7.791231741943713818e-01,-3.895440217875314026e+00
-1.066155545288777429e+00,-4.710313269652301571e+00
-1.488222728229913416e+00,-6.118106672386311118e+00
-6.307062832616818771e-01,-4.033295561615825697e+00
5.950433036022206162e-02,-2.222514527378221416e+00
-6.048898068305011977e-01,-3.684561867018416592e+00
-9.196064583094389899e-01,-3.798824411850745264e+00
-9.720850842710979101e-02,-2.720790019891312639e+00
1.119609320819455078e+00,8.361826246820853736e-01
5.710342580947450619e-01,-4.768180712100238416e-01
-2.063283228791164436e+00,-8.339055974906369073e+00
-1.209519131927365265e+00,-5.434766438579556436e+00
-3.209176385260532172e+00,-1.133188579615510783e+01
6.212594354332313662e-01,-1.581660488553318367e-01
2.517880330902159680e-01,-6.647980543734326453e-01
7.255363249726923813e-01,1.377018974870040657e-01
-8.903341067822281296e-01,-5.158820154131452895e+00
2.747660131012469975e+00,6.444914864073771454e+00
1.120241122966002756e+00,5.468316725025699210e-01
-1.597347372658602715e+00,-7.472617400829580703e+00
1.365248308436102898e+00,1.530730785430992391e+00
-5.667115282666186360e-01,-3.151603152034065047e+00
-3.164669915316737359e-01,-3.225217852709490796e+00
3.529236132790798397e-01,-1.564652761937786574e+00
-4.904892431322259716e-01,-3.229734508878424393e+00
-1.116081991735765611e+00,-5.442653559315973055e+00
-7.983476620347943475e-01,-3.904546809690039311e+00
-1.546943303558601102e+00,-5.972671510149755392e+00
3.580176103994880954e-01,-1.241486255085236134e+00
-1.505998931989895318e-01,-2.323029418150635461e+00
-3.071967380912531218e-03,-6.119284197512313561e-01
3.933744493755367277e-01,-1.068295592461580013e+00
-3.269867478015520690e-01,-2.790762621138345612e+00
-3.698241457325068260e-01,-4.162960811513879200e+00
-1.160027610649978724e+00,-5.415194114592565278e+00
4.939195760994161688e-01,-8.268129049570753786e-01
-2.303859111474376165e-01,-2.252585040590825205e+00
-7.072660203427350023e-01,-4.110349789978278601e+00
1.491882024561064446e+00,2.706486217302330299e+00
-6.825394865031294556e-01,-3.938165278984159023e+00
-7.593853699731784035e-01,-4.850751496321237255e+00
-4.264641949982874158e-01,-3.544476096991024061e+00
1.114542451983628446e+00,1.015351736067825472e+00
4.118411378812512208e-02,-2.001762901710244069e+00
-6.586382054324737556e-01,-4.234663571758344958e+00
5.248519317212492208e-01,-1.031092651845727737e+00
1.460179720757827537e+00,2.441574008598780043e+00
1.254458389716963218e+00,1.454205497530729474e+00
-1.451509910991642498e-02,-1.918754101965336689e+00
-7.179391269374251205e-01,-3.403026616658039849e+00
-3.782448260028722919e-01,-2.701106082846904677e+00
1.058690226119459732e+00,1.898631601324095808e+00
1.111337593799658796e+00,1.044417034350126672e+00
-1.031968083077448251e+00,-5.580005137159202988e+00
-5.979203802528308964e-01,-3.230918677031316300e+00
5.319174188843703854e-01,-1.318510608377695625e+00
2.844409224865724131e-02,-2.524136160324478517e+00
-2.974769978024504047e-01,-3.255933032531050930e+00
3.643001419387426054e-01,-7.750278368858098954e-02
9.956009633466041953e-01,8.535459248986488889e-01
-1.049968045419873014e-01,-2.480490208478407510e+00
-6.745102535221358941e-01,-3.340732371242322252e+00
-1.687631428263294819e-01,-2.036482639599977773e+00
-4.366219571871116645e-01,-3.565162742346359437e+00
4.182664076367308970e-01,-6.570954439261493807e-01
4.281434755477925846e-01,-5.244705317247009280e-01
-6.007976216164141042e-02,-2.730387505718288033e+00
-1.784018952830701110e+00,-7.015061901207671369e+00
8.188323932289416351e-01,4.691059083295018306e-02
1.848253480093361989e-01,-1.163643736568302334e+00
8.173652702022229377e-01,8.942128640828499453e-01
-1.306447446859018979e-01,-1.935406706527957432e+00
7.421451288079462527e-01,6.665159714247603784e-02
5.676845102985363933e-01,-2.632311625645074593e-01
-2.066333973268746682e+00,-8.744208568322488162e+00
-1.605849438337882740e+00,-6.193810862307753240e+00
-1.109996204638591388e+00,-5.592536278987590315e+00
8.064479527399264214e-01,1.260445826589595697e+00
-1.606379425115654014e+00,-6.720646124796012089e+00
-4.188096920103279164e-01,-3.582655120987414676e+00
-2.037969632546955179e+00,-8.803877481411829464e+00
-1.399873821020171771e+00,-5.455444234624062361e+00
-1.239247990642759367e+00,-6.077078763657272731e+00
-1.225787682573813431e+00,-5.409323200287448508e+00
8.360271389437161360e-02,-1.655462762314850123e+00
2.803363893736844914e-01,-1.649577390532165122e+00
1.328561854221718574e+00,9.578392985918979807e-01
-1.627830268766610411e+00,-8.204355239821540025e+00
8.958696866865000219e-01,-1.158077060254929513e-01
-1.695960374357614819e+00,-7.296415468586205044e+00
-1.341319885083392116e-01,-1.984439242143537951e+00
-8.466980179912407811e-01,-5.016316766556517592e+00
9.232106068425933731e-01,-1.310319585303698631e-03
-5.293204281004604272e-01,-4.282622992411326379e+00
7.471161632360600047e-01,-9.545721287787323206e-01
-1.084104182108059922e+00,-4.883925436529464648e+00
-4.138001982196907735e-01,-3.602301585113501847e+00
-2.486048033271213153e+00,-9.564496728767139189e+00
-2.302912607598267269e-01,-3.686174673001192836e+00
4.511028107598327175e-01,-1.101477040672224517e+00
3.990131838580827650e-01,-9.773361578198174193e-01
3.917466305907615909e-01,-3.289954533235979195e-01
-7.822311655072868852e-01,-4.273303354543623200e+00
-2.486330218291745164e-01,-3.319131086385904261e+00
1.323008499660877746e+00,1.447955749415264393e+00
5.627332552763427698e-01,-8.026573718006526637e-01
-2.760901528155235846e-02,-1.770001555862688702e+00
2.430951438855182556e-01,-1.201529443576733858e+00
-5.288898510031814215e-02,-2.055450427642543154e+00
-4.287450686846518977e-01,-3.568767311863731972e+00
8.111793856210482989e-01,3.782908261476415346e-01
-1.489870013894816214e-01,-2.138051404413777057e+00
-4.060026611283684694e-01,-3.104216916938925763e+00
-5.083940280417172941e-01,-3.674280312792324033e+00
1.052751354965300923e+00,1.077821780006655183e+00
1.483872081742145799e+00,3.182762613239474625e+00
-6.848029039008416419e-01,-3.638338982830516599e+00
6.061048844563309279e-01,1.639075481732628070e-01
-1.086368365193092433e+00,-5.245044099433040508e+00
2.753549822616305764e-01,-8.060945669483690068e-01
-8.898627308226152444e-01,-4.343638039552182306e+00
-9.184350266909220295e-01,-4.749178778574398407e+00
-8.591843296533090146e-02,-3.146646548876936400e+00
-1.148615412045233874e+00,-5.803609794292461821e+00
7.968979262198688795e-01,3.421403933859356594e-01
-1.241760625826992870e+00,-5.754051532212504760e+00
-6.610144120460566264e-02,-1.701617398577083495e+00
2.527727551853621302e-01,-1.319957650946811833e+00
-3.633148154023468912e-01,-3.074340880611459159e+00
-1.542969958382774065e+00,-7.000536297615902015e+00
3.835986405609220773e-01,-1.036265124822149941e+00
-1.476662462661902375e-01,-2.055738482518784771e+00
6.628879127693461104e-01,-4.030966500220924953e-01
-1.085483694736112170e+00,-6.000014252716445284e+00
-2.206602722325376464e-01,-3.019138877216708927e+00
5.173444085901821587e-01,-2.319280677478020858e-01
1.123156028049108413e+00,7.783298076328586390e-01
1.800316128292178464e+00,4.098680793977910852e+00
-1.341839496332219550e+00,-5.207044462548373609e+00
-7.992770119432763831e-01,-5.219593151918022755e+00
1.412833487831834101e-01,-2.134842971395267242e+00
6.847819291529283481e-01,-2.855026149609927177e-01
3.664994897508804805e-01,-8.422152383501725348e-01
-1.562530153423427048e+00,-6.576051398928790981e+00
-1.475133948820881669e+00,-6.713248457111907541e+00
-6.301509037606227714e-01,-3.713927633901998870e+00
-1.272076887235636944e+00,-5.459268870176675392e+00
1.031080676545444996e+00,9.290797738848155518e-01
-1.668189774523173963e+00,-7.150829587103641138e+00
-4.535953649890638317e-01,-3.398411939157059969e+00
2.172523816655673456e-02,-1.626047563989492240e+00
9.465857873695112668e-01,8.139574374689491076e-01
-7.543017945227390442e-01,-4.529564888914463516e+00
4.708604357423832321e-01,-1.340655638464539834e+00
3.253449742579390125e-01,-1.153091217000010715e+00
6.016056138513202756e-01,-2.290754320106429265e-01
9.557989337176572286e-01,2.094512252102092020e-01
2.811790155717198703e-01,-8.004795812778582320e-01
-1.888946040139312554e+00,-7.426847512702102527e+00
5.218793838507335137e-01,-1.252344408672506404e+00
-1.572010661081270744e+00,-7.119995930252657423e+00
7.489710079281139965e-01,-9.833119174082258773e-01
-8.459271201422080555e-01,-4.546302554505170512e+00
-2.240965794151429658e-01,-2.049222694753249030e+00
4.509776607245777891e-01,-2.170811468466371519e-02
-1.530904497270959341e+00,-5.581869513832250718e+00
4.793443038953581481e-01,-1.416135789080729346e+00
-7.446346295762991119e-01,-3.998509140537085393e+00
1.043586003714472410e+00,1.690000697511550243e+00
7.082845906148810267e-01,-6.111521196883655804e-01
-1.145186539810515436e+00,-4.746700089175131865e+00
-9.979835807075957410e-01,-6.022561721416899161e+00
3.985048039835222822e-01,-8.340171183169987623e-01
5.390894869898382735e-01,-3.883017691580435971e-01
-4.026011919425708241e-01,-2.768644958258264843e+00
-8.642161617465937695e-01,-4.438211212949038753e+00
-1.504050489488400810e+00,-6.363148628466656298e+00
9.933849298436667752e-01,5.432802325079385541e-01
-4.044052016643904235e-01,-3.833049324916041556e+00
1.664612439205766625e+00,2.422030930613943589e+00
-1.290659153931488001e+00,-5.805301500434501882e+00
-5.899576920413431846e-01,-5.223682384175566185e+00
-7.053992355836234684e-02,-1.935920571278701763e+00
-2.235403727718622280e-01,-2.508936881697868326e+00
-1.323994631148587064e+00,-5.216252036314489082e+00
-1.087611188063230205e+00,-6.024891445308643512e+00
6.119466114505537346e-01,8.007937551378291330e-01
-2.039613113766525210e+00,-7.726750551255450183e+00
1.681653639195123950e-01,-1.313714012460942104e+00
-1.145743359944472406e+00,-4.951859798630451337e+00
9.975486991282589422e-01,8.820332078805876996e-01
-6.284596651126465039e-01,-4.243374655873013879e+00
-1.551420567791572114e-01,-2.328870289408829564e+00
5.169626360497606710e-01,-1.475414454496649652e-01
-5.360394262212982985e-01,-3.897594358930183578e+00
1.963728833619629466e+00,4.028316847233596398e+00
-1.859855276765015164e+00,-7.464779415500756521e+00
-8.047664618026959538e-01,-4.470564908833456030e+00
8.050731921455589468e-01,-3.603775900973531510e-01
-4.379049216838125647e-01,-3.180162383398471793e+00
-2.156332954949464309e+00,-8.394257697184494660e+00
-7.404331000079937553e-02,-1.890945045165452587e+00
-8.293291316457231943e-01,-4.674417039456511880e+00
-9.111642273116756785e-01,-3.770927035998241195e+00
1.029357110493698491e+00,2.040741444133320481e+00
-3.789847494052292487e-01,-2.910573877902218332e+00
1.623394747247770553e+00,2.183762046486632080e+00
7.713579762534163164e-02,-1.938231673767502050e+00
2.770980448752783376e-01,-6.462187882431956742e-01
1.552678379687428389e+00,3.591284619947387569e+00
-4.023576712257027621e-01,-3.035607777475691993e+00
-1.006871643736773486e-01,-2.669795733802260429e+00
-1.044116985086392724e+00,-5.193488995797573615e+00
-2.704203198292969845e-01,-3.440103171688900119e+00
4.374641601776969174e-02,-8.880745785254289260e-01
-4.919057514536842590e-01,-2.832149484220425339e+00
-1.452778820595999609e-01,-2.695321030916624672e+00
-1.200316584130630276e-01,-2.535903039827458461e+00
-6.006346064260444928e-01,-3.642174487784787029e+00
-7.148773154219170145e-01,-3.457139337497880049e+00
5.610049529342770597e-02,-1.928499722679887896e+00
-7.970019226991111871e-01,-4.740970563373667623e+00
-1.902157036526986311e-01,-1.554894046956101672e+00
8.788594773653470860e-01,6.294986955606820533e-01
9.078568750415760835e-01,3.660573124649493804e-01
6.081253514281478312e-01,-4.446801143333139472e-01
1.336572439276911828e+00,1.634587881549356192e+00
1.961794275633887141e-01,-1.294376228775250048e+00
1.821747412349054018e+00,3.263191741151548086e+00
-7.227899715757252208e-02,-2.245333635384598292e+00
-2.317695850441712502e-01,-3.035853328704925858e+00
-4.006897570286984123e-01,-3.071175237593834595e+00
1.438958266411759945e+00,1.571415976382524615e+00
2.517779625708132518e-01,-1.603432652009971315e+00
-1.058107130504145399e+00,-4.856229623106754545e+00
-6.414893915022612525e-01,-3.684883527283902005e+00
1.254626969266785075e+00,1.979545256768886929e+00
2.343136458320805637e+00,4.779517111318830835e+00
6.930730024163543890e-01,6.460661749165973466e-01
-7.479364137021485837e-01,-4.711084905838082371e+00
-1.518374790306998401e+00,-6.689766491327914899e+00
1.507468857997100731e+00,2.314278361005828621e+00
-1.125883373894112083e+00,-5.249328762140583748e+00
2.791466273917565522e-01,-4.573098793833697551e-01
7.078953548210592528e-01,-3.103256128036892547e-01
-2.055094976270177010e-01,-3.430057346253416739e+00
3.831736260827161011e-01,-9.926959043499327118e-01
-6.260898446144448348e-01,-3.904609233237328780e+00
-2.046628997455371746e+00,-9.192823289917251728e+00
-6.757554708174837721e-01,-3.993543255166520645e+00
-3.975145249950076121e-01,-3.281377940851909703e+00
2.135624521978342349e-01,-1.661514462388976154e+00
-1.000136592312703687e+00,-5.711285958322154244e+00
1.795276835323636577e+00,3.096574472796977950e+00
2.608554895434832321e+00,5.934577799778177010e+00
-9.873011803187158320e-01,-5.375383489419814254e+00
-2.009148548600454109e+00,-7.876134629698444023e+00
7.835502210737612661e-01,5.684806354027932551e-01
1.085142359060705886e+00,1.063996607854469145e+00
1.101488442953700853e+00,9.557838215896619083e-01
-1.080178260507776544e+00,-5.281455964559279792e+00
-5.749897427102270558e-02,-1.620237403229793482e+00
1.011238207870301276e+00,1.241516717407881609e+00
6.926794496876654827e-01,-7.702226499697757411e-01
-1.497141909515166569e+00,-6.150303674373939877e+00
7.672876087313935944e-02,-1.728315998455451918e+00
-2.353935118107003677e-01,-2.706359786141088186e+00
-1.267538480235446574e+00,-5.978055618125542203e+00
-4.850560755870479968e-01,-3.959453271636041549e+00
-1.976793055363850860e+00,-7.679986197004987858e+00
5.655920985500998421e-01,-3.945661483429147576e-01
-9.075497568649627533e-01,-5.176438383683670708e+00
-1.040844593499941961e+00,-4.498182372052480282e+00
1.583199669463996484e+00,3.481589450737237357e+00
-9.183286026905295163e-01,-4.893485146829905652e+00
1.302885910082634657e+00,1.734125149790006315e+00
1.091333212320168666e+00,3.131873480808740062e-01
-1.928497107967407365e+00,-7.062612209726549573e+00
-7.036035297267962951e-01,-3.217236886065340862e+00
3.884626603528491540e-01,-7.143850019691784237e-01
8.857803573707839773e-01,1.298733987017043345e-01
1.258274491816981921e+00,1.894989282077608861e+00
2.167885406633859091e+00,4.301494176467142161e+00
-4.348563112027751809e-01,-3.642810946890490342e+00
4.718597259735193283e-01,-4.325861355562834465e-01
1.477504107801793864e+00,2.160769766175236306e+00
1.424531418057370380e-01,-1.092627132045105753e+00
-1.103831239650640228e+00,-5.663270022059871067e+00
1.861533796616577474e+00,3.821702401896357237e+00
-1.736286211328938567e+00,-8.167409196999244614e+00
6.081018663156142479e-01,-8.893455366151662433e-01
-3.253652538797234817e-01,-2.770504776565297700e+00
-1.031542475496772138e+00,-5.698573948101189224e+00
-5.528462098799343666e-02,-2.331312436045630765e+00
-4.733840686888493576e-01,-3.802505499175163450e+00
-1.871275719121475056e+00,-7.760669062840481303e+00
4.784536330493485701e-01,-5.172152756230709025e-01
-1.472307803023459316e+00,-6.204738227664936545e+00
2.088935804658223372e+00,4.688690208084563160e+00
-4.444229471525968922e-01,-3.674071730695238180e+00
-4.883147500964510335e-01,-3.950815695636994196e+00
7.795318366876351490e-01,3.512867805148031097e-01
-4.977153383606711112e-01,-3.217578986638628624e+00
1.342391882666027936e+00,2.090800674500559619e+00
-7.466222062804341864e-01,-3.763921757135374246e+00
-1.258320902630874150e+00,-5.785433827673831075e+00
1.205784998705297761e+00,1.554786990892618403e+00
2.767547634465297723e-01,-1.515847726839070209e+00
2.521045548361391386e-01,-1.430998625561062720e+00
2.263256603664740851e-01,-1.182414635674925663e+00
1.216986219768350530e+00,2.090759424302247815e+00
-2.129008561808193978e+00,-8.662157943970106189e+00
-1.137620047189882966e+00,-5.358995253279025484e+00
-1.289495388476409099e+00,-6.365004101019960281e+00
6.064320228942765567e-01,-1.908124747737563465e-02
2.881082468615298264e+00,6.798107674864215966e+00
2.285348906684794290e+00,4.795349040809663066e+00
8.159365198812115194e-01,-7.912204277123053853e-01
-7.232575974305417432e-01,-3.971347326050151505e+00
1.395487041814833518e-01,-1.900043714308176312e+00
-5.945098392995151748e-01,-3.399844940225819734e+00
1.341892104613224834e-01,-1.812918160179818328e+00
5.291309879216056222e-01,-6.351629925245111385e-01
1.237280348947821684e+00,1.491293441038154421e+00
9.660023925045505555e-01,1.091769979876608065e+00
-2.269354175716601585e+00,-9.084661092264123994e+00
1.694301518553233299e+00,2.267876701665950900e+00
1.315644286962910359e+00,1.737403116029716976e+00
1.337945587145753290e+00,2.026822541011378043e+00
-1.292430950332912332e-01,-2.200536065378115413e+00
1.864243074669644229e-01,-2.095088125890177899e+00
-7.869177642648923499e-01,-4.223756530333970360e+00
-1.269597465000631642e+00,-6.546054669055981989e+00
1.180595298478024580e+00,1.417531859178973175e+00
-8.403815232395783763e-01,-4.249831855136611658e+00
-1.200651097064894479e+00,-5.585937322293453633e+00
1.601740097503349669e-01,-2.587871130646922868e+00
-5.599614500634823855e-02,-1.834109254551989032e+00
8.374514793544479696e-02,-2.023746042271493462e+00
-5.632333023764420910e-01,-4.359057090318464667e+00
1.174123515979310417e+00,1.456022396996428991e+00
6.581700349832750874e-01,-8.585043764283600831e-01
6.378755626755333585e-01,2.445020744806588042e-01
6.160196582315975444e-01,5.366328624773733513e-02
-4.639911660009281014e-01,-2.964312017307509706e+00
1.436695742628217198e+00,2.478805061033705126e+00
7.906928452932119322e-01,6.500750830238402056e-01
-6.632059412961467393e-01,-4.109164974645634238e+00
-2.329067619190942073e-01,-3.137425541326162914e+00
-1.064192355104716325e+00,-5.245103256229933564e+00
6.415774217372371968e-01,-1.521019750382669178e-01
-1.668899246562365102e+00,-7.332312159598973089e+00
-4.724376189090567224e-01,-3.891053472804263169e+00
8.068095260572676342e-01,-1.911039381471175691e-01
-2.125164892531950400e+00,-8.210924028068619762e+00
3.837175769031819783e-01,-9.606014649892464785e-01
-1.734834640734013167e-01,-2.608663419873154421e+00
-5.387518417796517411e-01,-4.069966870832153916e+00
-1.793830380162843463e+00,-7.213898564259519475e+00
1.045652468027158610e+00,1.651160087278174871e+00
-2.106748050260878191e-01,-3.406474056193173894e+00
-2.132222791743099588e+00,-9.246079371710766992e+00
-6.793254695326895742e-01,-2.978265320124478421e+00
1.574055544965645148e-01,-2.519898998817875935e+00
8.580477448421728326e-01,1.667356705156721519e+00
8.204493283841914897e-01,-5.907652490918113841e-02
-3.214765745764304739e-01,-3.499865201219688693e+00
-1.815770142254566621e-01,-2.674626274631580980e+00
1.331186095742339814e+00,1.846697237211224474e+00
1.688857424014829967e+00,1.984186219027127773e+00
-5.552099951222954077e-01,-3.114164551985830087e+00
-6.484360127485169212e-01,-3.660457437221903199e+00
4.782331904298017800e-01,-6.530233360685353539e-01
8.830603056426601649e-02,-1.913555053012876428e+00
1.312414284024186750e-01,-1.598393266896594556e+00
6.400923727850541534e-01,-4.961310120115220434e-01
1.455864053110150991e+00,1.769836450121562432e+00
8.991882108886172231e-01,1.338450667521624560e-01
-2.153756112655469956e-01,-3.000622311028066758e+00
-1.001587673797681877e+00,-4.824359069328221672e+00
-1.891438922960403390e+00,-7.434444074920072865e+00
-3.962945467291862922e-01,-2.484999803705843835e+00
8.713089980877767315e-01,1.929623698772603979e-01
-7.122476769513779171e-01,-4.980854761520980389e+00
2.967862752811961657e-01,-1.105711531923097679e+00
1.240479109589466944e+00,2.062447141582317123e+00
-1.037234686501047554e+00,-4.586111951846238988e+00
-1.573051329137536980e+00,-6.907068292246587582e+00
1.541893594615546315e+00,3.058116242816512731e+00
2.099717211333421985e-01,-1.593037264547751741e+00
8.642157081592962697e-01,6.171928519008328395e-01
3.291504435033760362e-02,-2.558694389552322868e+00
1.580861416057387780e-01,-2.045981787971697496e+00
-1.631718408888593874e-01,-1.822426119957623047e+00
-4.901866147634693638e-01,-2.571254852791797774e+00
-9.859262490422752157e-01,-4.837790822309106176e+00
-1.551538219170697452e+00,-6.086489062479236267e+00
-1.902395282079932803e-01,-2.497780993078331235e+00
9.632394022293108149e-01,1.922805212995829516e-01
-8.359962101511685117e-02,-2.732973763874608775e+00
1.617701331985267554e+00,1.903400151318937805e+00
3.342048226865956817e-01,-1.106066462495034708e+00
3.620404394703305440e-01,-1.320808192953417004e+00
3.692862499394537756e-02,-2.798748941778012700e+00
-1.429983798508318860e-01,-2.460338917400518355e+00
-2.908011311948247024e-01,-3.147003278229733247e+00
2.734669463955322621e-01,-1.274282633826825606e+00
-7.185036014836720941e-01,-5.446971482140092746e+00
1.391374409458735029e+00,2.629375597127343145e+00
8.732634920682571522e-01,-1.285393943875942080e-01
1.186526508021640725e+00,1.503808834125452742e+00
-9.993623028846727596e-01,-6.049116575535074425e+00
-1.868827020290318719e-01,-1.697338007376278934e+00
-6.607711637867060839e-01,-3.261111711036692284e+00
1.926516907036377457e-01,-8.363316617245395435e-01
-1.476190716538552827e+00,-6.074991245376383908e+00
-5.371881092154964232e-01,-3.607142318902645695e+00
-6.380052274849212779e-02,-2.280594980406920769e+00
6.218198637543407292e-01,-2.823769503939163594e-02
-4.550221175467624724e-01,-3.148994818291600328e+00
1.543585979844045664e+00,1.912572722106347545e+00
-1.166230005515118018e+00,-5.286588754703591242e+00
-3.333508020384956971e+00,-1.166376112394949516e+01
1.017598830875095839e+00,9.546021191507136905e-01
-8.844138049822054537e-01,-4.051475866773184720e+00
2.755061337668514576e-01,-1.907642066332632336e+00
1.715666261627194711e+00,3.490130571853909736e+00
1.620681177556728692e+00,2.586179148225082436e+00
-1.309302525737219947e+00,-6.289763847301626853e+00
5.943852877654960398e-01,1.921238205746639283e-02
-3.102898255547594242e-01,-2.822443974214454698e+00
8.228727162120770267e-01,5.804807247044989627e-01
-1.069065401945952232e-01,-1.897056489095906517e+00
1.585401291372860788e+00,2.288940191777873778e+00
-3.976485597977032216e-02,-2.046686739787004328e+00
1.323120555633506168e+00,2.217451166486862135e+00
8.542579812211353874e-01,2.585860313324243598e-01
-3.679689542239592687e-02,-1.928614968445680145e+00
6.090011273207702747e-01,9.193179590382223321e-01
2.124564217595325655e+00,5.039168556492813700e+00
-7.215173975629693981e-01,-4.069493805643261908e+00
-1.320615695128070755e+00,-5.202207914827645219e+00
-5.905827942834505073e-01,-3.873865772752247416e+00
-8.272152040073672552e-01,-4.513050968054507450e+00
6.057112331315406273e-01,2.300969399446090580e-01
-1.711807884120557732e+00,-6.783172999600633801e+00
1.278918573702049200e+00,1.230162923943372677e+00
-1.664153456972888190e+00,-6.894124034425533232e+00
-3.468508700981413617e-01,-2.455899531609250452e+00
6.933070325274581780e-01,4.547197361885159106e-01
1.094887748617455331e-01,-4.430034229334487428e-01
1.401722417763516360e+00,1.753324294910618919e+00
-7.813299379047998761e-01,-4.875995109011483031e+00
-6.005433027433678683e-01,-3.129743335393656345e+00
7.345373546673692466e-01,2.875815837217386428e-01
-3.817864029221482158e-01,-3.186601529328435767e+00
4.940016963271323669e-01,-1.383654982313275772e+00
1.412806438967313838e+00,2.382948562112745972e+00
3.672179393014074478e-01,-7.352091553789774636e-01
-3.928826620637222988e-01,-3.866204546826626842e+00
-1.781790335765600863e+00,-8.077553294335707790e+00
9.437865469970488919e-01,1.556980463733707465e+00
5.953798265069748519e-01,-2.728910583821472779e-01
-1.605802379193804197e-01,-2.441982949343878051e+00
-7.563396065970525717e-01,-4.920011243193563644e+00
-2.054969864451357431e+00,-8.061429340588970760e+00
2.096945011868042164e-01,-1.516460837730314593e+00
-1.473035971627249530e-01,-2.264092758201222910e+00
-3.813442068918973527e-01,-3.780263769477475222e+00
3.547909505481114389e-01,-1.231234358158246778e+00
1.361989233735907412e-01,-1.955242551954775143e+00
1.782599687924509846e-01,-2.353785776980493516e+00
5.721012856168475880e-01,-3.557751337950273429e-01
2.162253680739040007e+00,4.459520809681973397e+00
-4.005906162220454481e-01,-3.525414920773493055e+00
-2.596673622740954257e-01,-3.404349062188831265e+00
8.474522842600877848e-01,1.039734670528333016e+00
-3.697386017089392407e-01,-3.246971556605962039e+00
2.023415498936660839e+00,3.929566151916581873e+00
2.221907990763957841e+00,4.861197631648213502e+00
2.016769469967152062e-01,-1.363811109842868907e+00
1.015268226498412973e+00,1.516028883087428447e+00
-1.859680426051087077e+00,-7.282513509786755712e+00
7.074610031999643001e-01,-4.729962626118823232e-01
1.345250209766829963e+00,1.054760952159234710e+00
-1.515079149991111596e+00,-5.423248630161725536e+00
4.406722496691035940e-02,-1.491013440997751349e+00
1.534522944282253609e-01,-1.906200004330318887e+00
1.024392801410643816e+00,1.393700095444127429e+00
1.554779314380725586e+00,2.886737847516064548e+00
2.841196097857163205e-01,-1.048798421652463508e+00
4.575885261416677841e-01,-8.288115363365806676e-01
2.614003529903692336e-01,-1.052495444055899121e+00
1.569686606316069488e+00,3.348129813085111373e+00
-1.270274141323742834e+00,-5.554865383720962058e+00
1.418825385915968296e+00,2.685816281537081629e+00
9.733755490157118828e-01,7.221595966101727049e-01
-7.353987623347180147e-01,-3.932985015630646508e+00
-9.626020737520167847e-01,-4.965461824013963188e+00
-6.328268450633610653e-01,-3.781019624792902434e+00
1.179910461894972951e-02,-1.946452573171876033e+00
-1.061271212822922472e+00,-4.921342290181215162e+00
8.663329059033276769e-01,8.003493608164556905e-01
-9.391898235359128488e-01,-4.741016575475252459e+00
-2.265906455898731575e-01,-2.900195327934295353e+00
-4.881007796136960786e-01,-2.740695735440381142e+00
5.407881404353238608e-01,2.115892480785092067e-02
-1.767667886550621015e+00,-7.694913222722105317e+00
2.222651532765760329e+00,3.983792076873000632e+00
-1.083395172730028388e+00,-6.005816715225063440e+00
-1.192007737039332271e+00,-4.366385151462287340e+00
2.166968888175796470e-01,-2.405576217305902098e+00
6.663870676285492400e-02,-1.133507115786575259e+00
-2.922140872491950092e-01,-3.844816133406229852e+00
2.606473844038693644e-01,-1.260947615495607632e+00
-5.412267319243122543e-01,-3.234736514385739170e+00
-5.963459282712854082e-01,-3.941515246398317185e+00
1.809420251764960907e+00,3.568711354964587024e+00
4.627045486940608021e-01,-5.412983007806516644e-01
5.781837636108460438e-02,-2.077433825165007075e+00
-2.139498003853785441e-02,-2.656374629200869641e+00
-1.170856666105737576e+00,-6.137696892292869855e+00
-7.345824280129679140e-01,-4.441023769615130234e+00
4.392195416362867366e-01,1.294929370075590391e-01
-1.395044632802026507e+00,-5.364275695829561208e+00
1.856814042697576994e+00,3.083301497193218221e+00
2.078471348330333424e+00,4.475273878853077036e+00
9.431152860381200043e-01,4.432224017144740236e-01
1.674056344320184797e+00,2.833001053166091854e+00
8.177731395279029813e-01,4.266872823172405682e-01
8.840969856252063330e-01,5.664365107285465051e-01
7.255538734179368676e-01,2.179811990477270589e-01
-2.878309157944853425e+00,-1.075338331767440891e+01
7.885273062529254418e-01,3.252492203232467127e-01
1.071812688638554389e+00,6.353679494114043980e-01
1.175909836071699743e+00,1.890264388571736287e+00
-3.861178242579696440e-01,-2.710416656019040360e+00
-7.252865877477893131e-02,-2.194462552786446974e+00
-2.626893936842549238e+00,-1.017171000935220881e+01
3.881100991287851909e-01,-1.455233721647306799e+00
-4.916564222742098034e-01,-3.112823180995457850e+00
1.256005692671151142e+00,1.229941849810326726e+00
-7.679731847757129692e-01,-4.530014310382880716e+00
6.414836769850869036e-01,4.252306125476150722e-01
1.195146352594162797e+00,1.981506995687991823e+00
-1.791107682860611394e+00,-7.742944332059289003e+00
-1.149281686006657699e+00,-5.867138058018639413e+00
-1.991744829732420077e-02,-1.993917947162636040e+00
-7.417216855481337245e-02,-2.346030852323306881e+00
-1.073782505106227747e+00,-5.608023910338922668e+00
9.279856569874610495e-01,7.559998935684557608e-01
-7.930825212110558242e-01,-4.278735665129729249e+00
6.268676968114468284e-01,-1.077845025587827354e+00
-7.841515744732303617e-01,-4.144434908508384474e+00
3.867067509384335411e-01,-6.698222342740878243e-01
-6.187187677669372388e-01,-3.734452842030903774e+00
2.129039405670419410e-02,-2.314170885399886579e+00
2.023010365817935252e+00,3.776862796940195111e+00
3.889772224416637725e-01,-5.522977220490886685e-01
-1.875512142644300884e+00,-7.221276412806540534e+00
-1.286119646035955855e+00,-6.251217707390742007e+00
8.359890624145749349e-01,-3.048464570960397468e-01
-1.376479784477470769e+00,-5.703098524167902639e+00
-4.051623652744308912e-01,-3.723008780629569525e+00
1.412316163413842862e-01,-2.159789361831561560e+00
8.472619848738388582e-01,1.019680121748873347e+00
1.922003305506645998e-01,-2.299554801308215879e+00
1.639842202447303166e+00,3.672745994762868449e+00
5.898513114796985479e-02,-2.015644809710537722e+00
-1.454910045532368038e-02,-2.095772831998631958e+00
-1.566759479865924565e+00,-6.810629423116013825e+00
1.551396294408299958e+00,2.272655986824438035e+00
-1.661095687339955829e+00,-6.655686119579617532e+00
-4.741992918529473466e-01,-3.181897939764108951e+00
-6.806256444289573437e-01,-4.074092898355126557e+00
7.235342925498072786e-01,4.163454435138030929e-01
1.730681991049461521e+00,3.980559342249334165e+00
1.080583114808221890e+00,1.628514449383543283e+00
1.518196521394700849e+00,2.308065496136328498e+00
6.283215942634131634e-01,-2.164228074483927067e-01
-4.847603093056340184e-01,-3.359797689143429356e+00
-7.066074244984693609e-01,-3.744271134252712407e+00
-8.374780622653858753e-02,-2.198948102113123415e+00
-1.968450573971651796e-01,-2.135850240068871475e+00
5.161800677616328326e-01,-7.527060122178791390e-01
1.181001854321175104e+00,1.560250142157764808e+00
1.604569275340535228e-01,-2.180259306932791574e+00
9.223362777600184748e-01,8.140753941195050247e-01
-2.154156420760900748e+00,-8.232144608709431211e+00
5.857542633457572291e-03,-2.028692796755290573e+00
-4.581377653321868637e-01,-3.122273014289741688e+00
6.189154741017560690e-01,-1.521955210001290359e-01
7.149635386013108995e-01,-1.969931153600539275e-01
-1.014080658859905171e+00,-5.588790508645335109e+00
-1.614199524229264493e-01,-3.075953573940860331e+00
4.262561954539244580e-01,-8.677511250452513147e-01
1.641749916516543006e+00,2.768377312369781684e+00
-6.717306196513671279e-02,-1.884450325919784230e+00
6.063761374548622962e-01,-8.637645669281479588e-01
-1.693793587970585213e+00,-7.388627089351945010e+00
1.108900472562960760e+00,1.627686499402471343e+00
-1.953610166230397294e+00,-8.421623247882152441e+00
-5.524311616124986113e-01,-3.586985817975132385e+00
-1.517796683346152031e+00,-5.923557901156118355e+00
-6.674083162743846831e-01,-4.882356334155434574e+00
-3.471373267151483533e-01,-2.282027548971194530e+00
-8.994761268995515868e-01,-4.452326978614577158e+00
1.095905929900945625e-01,-8.853503479900577400e-01
-5.747047208917624994e-01,-3.843859996743943075e+00
-2.468714401021622762e-01,-2.476185757601161441e+00
-9.262377558425199942e-01,-4.866292350313114135e+00
-3.782133004311242219e-01,-2.900457905401753411e+00
8.633872489869081068e-01,8.779501215749685450e-01
-2.319931381095173606e+00,-7.815886123423894105e+00
-7.935869757464734109e-01,-4.454902023826629254e+00
-1.385972625924747625e-01,-2.515028873328845727e+00
6.826329906854637919e-01,5.746462703546009188e-01
1.061411213231370665e+00,1.047282921907129793e+00
1.569833647567444868e-01,-1.283548320417329913e+00
-3.868610987861500483e-01,-3.692961495774537362e+00
-7.775137517465771086e-01,-3.805949628918435579e+00
-7.645810833989777899e-01,-4.844256936578248407e+00
-1.623234094290246343e+00,-6.608197089590694517e+00
6.381612973285513690e-02,-1.280580535020442445e+00
-1.854899361854363882e+00,-6.227223304683474403e+00
3.903036563458970876e-01,-2.080974374496334933e-01
1.022519734664487201e+00,1.403178261160718865e+00
-4.523720948335072656e-01,-2.882057842020241623e+00
2.523004418573556062e+00,5.582593793719722086e+00
-1.212643694838085651e+00,-6.403153148157583630e+00
-8.536980966349885236e-01,-4.754978204349824544e+00
3.857565349658144127e-01,-3.563707883479653726e-01
-5.322859114271216718e-01,-3.076852703932938304e+00
-3.885084078082030601e-01,-2.490290007080323775e+00
8.001483829093661293e-02,-1.432113561504807731e+00
-9.856067687181091497e-01,-5.126115407386260259e+00
5.105615935401230931e-01,-8.493924670138710553e-01
3.831550465364680358e-01,-8.215938348397661128e-01
-2.294004756324272254e+00,-8.958931698876121175e+00
-1.027963012837077139e+00,-5.546559665738759470e+00
6.451949164322582364e-01,1.115192443049696003e+00
1.641698578395227370e+00,3.692479545881368175e+00
2.179754138097665273e+00,4.744170283041750480e+00
2.841148786464367526e-01,-1.706216716203262873e+00
-9.751087603763262113e-01,-4.580071745622281476e+00
1.484142295812312939e+00,2.584509953375347724e+00
7.542218071766904064e-01,5.263919572822042259e-01
-2.613932065082340550e-01,-3.432531845845111285e+00
-1.207695320138866935e+00,-6.107988731549364836e+00
1.250638128282545170e+00,1.933099992471047468e+00
-7.189251546106968371e-01,-3.402899623430988285e+00
7.793908261238148283e-01,-3.786403239781657160e-01
-1.105733119505858397e+00,-5.348739386841152132e+00
-1.821583965978077702e+00,-8.293967818488408028e+00
2.888951653780242323e-01,-1.253578986410355478e+00
-4.615453146890550196e-01,-3.172634156806592998e+00
3.862491600289943983e-01,-8.999884862794661489e-01
-1.452538531268453975e-02,-2.278304438942843291e+00
-7.361491125218825315e-01,-3.685367681491261038e+00
-2.885757731743985866e-01,-2.182514721727116580e+00
-7.001411339310125159e-01,-3.184721995071536416e+00
-4.402520650449397999e-01,-4.088387338869793552e+00
-6.907581523502195342e-01,-4.876585375126346378e+00
6.406879897229365017e-01,-3.868158215164538283e-02
-6.919034100623738803e-01,-4.452482037035539797e+00
-1.269334557109608408e+00,-6.181782208531062750e+00
6.654854366667523058e-01,1.095338041868851309e-01
7.283624136714689223e-01,1.694036692038180525e-01
-3.046910340377603221e-01,-2.753366025367883108e+00
-5.873153574241725128e-01,-3.421881278658076564e+00
-7.195423480872009669e-01,-3.510143229099157214e+00
-8.965349126725505879e-01,-4.693968971139557134e+00
-3.239642415333161551e-01,-2.855247783995555899e+00
-1.060583336828594625e+00,-5.053672937853846747e+00
2.139675234165545614e+00,4.486788436558647675e+00
2.521312708484640397e-01,-1.750518933689812595e+00
1.024854855335166848e+00,1.045415952763413259e+00
-2.154649202996254953e+00,-7.345475728704965235e+00
2.126244606608792831e-01,-7.686428653063351879e-01
-2.812173959138912216e-01,-2.561346277861224596e+00
-1.128852037935170083e+00,-5.405575317538626301e+00
1.431701873227775312e+00,2.601500330142069384e+00
-4.692932943171247429e-01,-2.758428429349326194e+00
7.327649742331959759e-01,-7.004875440383236951e-01
-1.025826943768544774e+00,-4.670132257603591519e+00
-6.807242550074830145e-01,-3.615817919139657555e+00
5.777457545445466996e-02,-1.904030897460347704e+00
3.040723084431152246e-01,-1.568345036778111101e+00
5.670595991672484626e-01,-7.589642326726244725e-01
-4.197208806968498185e-01,-2.757841305800333487e+00
8.603959877924256539e-01,1.167880428768849566e+00
5.226032847112093149e-01,-9.667653358968776311e-01
6.123724792511778814e-01,-1.668947582538503893e-01
1.020235422143934034e+00,1.267071044555363457e-01
-5.509571244605971918e-01,-3.661863326557419196e+00
-9.654573739713838698e-01,-4.340827483357237782e+00
-8.923160360068481678e-01,-4.738201895192219126e+00
1.139141688741245328e+00,7.688509004034066452e-01
-6.963361074362406367e-01,-4.270304732393931602e+00
-4.752274368948479211e-01,-4.571908758543107965e+00
3.628335701688231163e-01,-4.396037372006601496e-01
7.667526884975724988e-01,8.324795828234554662e-01
1.334523806375136568e+00,1.400140980103765642e+00
6.021977941491563069e-01,-1.686849715649340331e-01
9.400646406227089469e-02,-2.402561803319675171e+00
-5.072037249119651925e-01,-4.260791453337387402e+00
8.819373746519723056e-01,9.526992408921186595e-02
-2.649288212730758763e-01,-2.829444715856386239e+00
4.197564728976828086e-01,-2.846085653967102558e-01
-3.948213439455848239e-01,-2.669492466258003738e+00
2.736870149703947153e+00,5.549573071803116875e+00
-1.063819998413468193e+00,-5.099200718018274792e+00
2.968707756639001882e-01,-1.000101931276582867e+00
-7.609158754856424345e-01,-4.998055622073686699e+00
-2.180348981423492649e+00,-7.823647144497998696e+00
-9.138910817404849452e-01,-4.421141911243534395e+00
-1.315663321943747022e+00,-5.280034727277055140e+00
-6.144661694414897957e-01,-3.220039272704554811e+00
-2.154821856509078426e+00,-8.546378678113930150e+00
-7.323782579103155221e-01,-3.890034032735580016e+00
1.413098903599443679e+00,2.051036675499894546e+00
2.023315008338079313e+00,4.767891426383818576e+00
1.086445510633994971e+00,-1.237711088979818186e-01
3.690234013841609539e-01,-1.177025175377662158e+00
-4.134716434887461545e-01,-3.406295840238912298e+00
-7.168952414850929822e-01,-3.806610874189595872e+00
1.004630569877418056e+00,1.915098651064900626e+00
-3.072472497597357188e-01,-3.877979235802357039e+00
-5.933530310730154023e-01,-3.885792267994881310e+00
1.288033850853106399e+00,2.373502188073181252e+00
1.847497998441199885e+00,4.018982272307235704e+00
1.063722450865540958e+00,8.764363170535474090e-01
-6.902402887453880087e-01,-4.347004012569386511e+00
7.640194574246800263e-01,-9.663305595204396692e-02
1.048843031870149600e+00,6.143372199720616988e-01
-9.115493752328539256e-02,-2.776117825532827155e+00
2.854988571933196884e-01,-1.022843858358100322e+00
2.651320253670526039e-01,-1.183780667679917187e+00
1.065057701510128796e+00,1.665735743687838166e+00
7.768311166470771578e-01,2.731740096071577639e-02
-5.404233432475910037e-01,-3.313933200719110239e+00
-8.788559066142950238e-01,-4.538232973158272898e+00
8.069756759724097117e-01,5.403558043807326072e-01
-7.651334467012073093e-01,-4.023986313961824379e+00
2.433791809638898573e-01,-1.189171624421938134e+00
1.349328541335977238e+00,2.662210753050066714e+00
6.179399373211397206e-01,-1.271645896179125212e-01
-1.302505601717675709e+00,-5.083920030724000227e+00
-1.601662331943782824e+00,-6.392790573812010102e+00
1.066555987101229341e+00,1.437232576335093936e+00
-1.258375587036008270e+00,-5.892009591762480625e+00
4.736831897096256960e-01,-1.066119722499497602e+00
-7.377718557069572192e-02,-2.389741831146412920e+00
2.947164737164132409e-01,-1.909249196951024574e+00
2.191459755826917766e-01,-1.456017932715792940e+00
-1.075072064338174371e+00,-5.113082529413144783e+00
1.277136298229863742e+00,1.858333695687062193e+00
-1.885963823175858867e+00,-7.378383328405435648e+00
1.272602698379381003e+00,2.406163462943418985e+00
-1.822538574742635031e+00,-6.834831703563897243e+00
5.485775383928372939e-01,-8.553849660636174690e-01
9.220536558562903995e-01,-6.804010701207285905e-03
1.147957507851161907e+00,1.764605056241226322e+00
-7.534246727408706601e-01,-4.235790567105289561e+00
-1.354732326785640095e-01,-2.215952136964509211e+00
-3.918255256921220342e-01,-3.902951391000488712e+00
-3.067109207662466752e-01,-3.183399398260940316e+00
-2.710564709037817654e-01,-2.899390073522083444e+00
-1.567168162008788501e+00,-7.159699391654656964e+00
-1.978244714733385645e-01,-2.912745825769700758e+00
4.351761626187885534e-01,-1.188732583152475764e+00
-3.184276101514757484e-01,-2.737277748100687802e+00
-7.212333890753151386e-03,-2.063353115173596208e+00
-1.134310903262653492e+00,-5.902360654357154957e+00
8.978100934148578460e-01,3.905800221926126747e-01
-6.281878485830743042e-01,-3.706213476371551963e+00
6.410269976225243527e-01,-1.248715394503105147e-01
-1.490756921506878330e+00,-6.325954450259412276e+00
7.187850138985069082e-01,-2.396261353729884358e-01
-8.826355454079447271e-02,-2.402218969444865682e+00
-1.885759868367916370e-01,-2.254120602573058907e+00
-1.221900399465355669e+00,-5.780478308526401321e+00
3.085220902788692321e-01,-3.958848983464992033e-01
-4.500954841729069567e-01,-2.354533974035971866e+00
1.480151674480810753e+00,2.128887948849421452e+00
1.013964324053740667e-03,-1.317041238461958752e+00
-8.754746928828185948e-02,-2.234688207756279077e+00
6.132843632026439007e-01,-3.612183493582845628e-01
1.245050131022049422e+00,1.866787049212230265e+00
2.462126407657306559e-01,-1.010128487333596503e+00
2.442778936319814242e+00,5.734126098679691808e+00
-1.137628820069034985e+00,-5.853235082678286183e+00
-6.068908118316178602e-01,-3.357057724853159009e+00
3.006977360448855885e-01,-2.367850473871951245e+00
-7.875031570412696080e-01,-4.486256625268203457e+00
4.140527425856123656e-01,-1.392369827448207698e-01
-1.724479065854721771e+00,-7.297757324839447612e+00
2.177811042391648300e-01,-1.094378763985628833e+00
6.741155072597108111e-01,-2.470041759770480461e-01
1.552537670750499199e+00,3.281063096968043435e+00
-1.647306080444315368e+00,-7.303734537027090745e+00
2.054979734399094704e-01,-1.484737067900993468e+00
-4.166109886939622919e-01,-3.613332643982578585e+00
-8.269163035559892183e-01,-3.593167368398263228e+00
-1.396757144409674023e+00,-6.154497244491255792e+00
5.317414636964420405e-01,-5.552842323759997756e-01
-1.239576361387724646e+00,-5.480347596068913418e+00
-2.237576859812162144e+00,-8.154061987348809382e+00
1.791548908527148987e+00,3.212633019604252738e+00
6.645447724798683176e-01,3.086709220117615504e-01
-1.778621173768633046e+00,-7.290108004708316436e+00
4.318614258557518792e-01,-5.403059940773397019e-01
1.658823557813513760e+00,2.348617833269418309e+00
8.023852319532119859e-01,-2.541250024686296793e-01
1.130305124193657917e+00,1.238562582634525899e+00
4.575754066667106490e-01,-1.085404293059735181e+00
3.492735355186840640e-01,-7.051713086923896423e-01
4.589180449801675832e-01,-8.679321108376418792e-01
1.529170392556062241e+00,2.983005399395520563e+00
-9.584532757419857163e-02,-2.319424841693903172e+00
6.141793252279089677e-01,-9.989765250601911895e-02
1.862307579057520535e+00,3.304684278372571171e+00
9.811762072817333813e-01,1.601224363760118008e+00
-5.115907297097506135e-01,-2.808697032740675947e+00
-2.009950888485529941e-01,-2.536876984661561973e+00
8.563153136372724239e-01,1.192522009891344714e+00
9.105863142568588753e-01,1.170168409529722453e+00
6.903709223517919824e-01,-7.101623499272755602e-01
-1.028554032555941466e+00,-5.373052159233052905e+00
-1.872296549980378533e+00,-7.375525408566979912e+00
-8.192862174227250049e-01,-4.693533737513045700e+00
5.656053584242187737e-02,-1.486104290078561929e+00
-2.255630261314243434e-01,-3.594190139600592193e+00
-1.330799734481950436e+00,-6.031527996994240581e+00
2.579306582034139317e-01,-1.045020268385346673e+00
1.572738265218078801e+00,2.339032928182097848e+00
-9.076384956810024107e-01,-4.133410394737111915e+00
1.404007497370901136e+00,1.937481129737099517e+00
7.074248941797955936e-01,6.299519028024812561e-01
-1.010921107831713295e+00,-5.004718097088380446e+00
-5.812724630661717518e-01,-4.991562588099444753e+00
8.542393349464031393e-01,-4.362381548194416148e-02
