1.000000000000000000e+00,-3.390795446667574931e-01,-2.953607322364392829e+00
1.000000000000000000e+00,-5.806061239268361929e-01,-3.953667752187059570e+00
1.000000000000000000e+00,-1.276437522251390844e+00,-5.355587033260704288e+00
1.000000000000000000e+00,-1.378542756768150523e+00,-5.667507842079128721e+00
1.000000000000000000e+00,-1.347587820013291138e+00,-5.986194847060387403e+00
1.000000000000000000e+00,-1.051211376226350441e-01,-2.867369302816463961e+00
1.000000000000000000e+00,4.998962905448921523e-01,-4.402631231117358768e-01
1.000000000000000000e+00,-3.608277519113491372e-01,-4.006176810225348106e+00
1.000000000000000000e+00,-1.564839976536986088e-01,-2.252041982920378604e+00
1.000000000000000000e+00,-1.412726036277671682e+00,-7.185865013318676553e+00
1.000000000000000000e+00,1.622203867901600205e+00,2.264178088176381554e+00
1.000000000000000000e+00,-3.569073529523566490e-01,-2.364280875153577544e+00
1.000000000000000000e+00,1.617286493096562472e+00,2.767138688496932453e+00
1.000000000000000000e+00,-1.409383800191734482e+00,-7.094321351363452877e+00
1.000000000000000000e+00,2.740699910681466678e-01,-6.894628570647114429e-01
1.000000000000000000e+00,-8.031276718041103768e-01,-4.968464615517713234e+00
1.000000000000000000e+00,6.920989875978998951e-01,-1.672755833615503784e-02
1.000000000000000000e+00,5.525552044043902100e-01,-9.678879598270892504e-02
1.000000000000000000e+00,3.082063443234423494e-01,-1.324868654241527999e+00
1.000000000000000000e+00,7.541701304068947342e-01,1.085894999785854409e-01
1.000000000000000000e+00,1.300675368286610567e+00,1.592522589877221950e+00
1.000000000000000000e+00,-2.061932415142819774e+00,-7.633916561429051839e+00
1.000000000000000000e+00,-1.643376133935578187e-01,-2.026401733602258837e+00
1.000000000000000000e+00,-2.261695282799274787e-01,-3.277565060031772948e+00
1.000000000000000000e+00,-8.316510949579990486e-01,-4.625382497500114987e+00
1.000000000000000000e+00,-3.595416154766977734e-01,-3.666605294376929614e+00
1.000000000000000000e+00,9.883831114582317667e-01,7.779651191526122389e-01
1.000000000000000000e+00,2.821600235718139671e-01,-1.218612785397481746e+00
1.000000000000000000e+00,-1.671595936098579260e+00,-7.349174737445747674e+00
1.000000000000000000e+00,-7.601803277947967175e-01,-4.360011704407836142e+00
1.000000000000000000e+00,-2.797179016201325918e+00,-1.012293009695387624e+01
1.000000000000000000e+00,-6.011262535748256308e-01,-3.921095889393476419e+00
1.000000000000000000e+00,3.109916935117419956e-01,-5.002966711863655602e-01
1.000000000000000000e+00,-1.344130912379652321e+00,-5.786464251183711660e+00
1.000000000000000000e+00,-2.216819027775184026e+00,-8.646281631034081983e+00
1.000000000000000000e+00,-5.119822044830475427e-01,-4.036404992377213397e+00
1.000000000000000000e+00,1.756207621571453714e+00,2.767415619422128881e+00
1.000000000000000000e+00,1.467310607430509117e+00,1.175227357996196265e+00
1.000000000000000000e+00,1.344965663134139566e+00,1.564335153094261077e+00
1.000000000000000000e+00,-1.437065560608637105e+00,-6.235282374608689615e+00
1.000000000000000000e+00,-1.575412422970399406e+00,-7.119455704895544912e+00
1.000000000000000000e+00,4.945176880199557250e-03,-1.620163737119093783e+00
1.000000000000000000e+00,9.311458853514344991e-01,1.461326201123017920e+00
1.000000000000000000e+00,-8.332378120956742684e-01,-4.157745755015850975e+00
1.000000000000000000e+00,-1.343682275375997770e-01,-2.337623308886499718e+00
1.000000000000000000e+00,3.238652354457084992e-01,-6.751105567414217301e-01
1.000000000000000000e+00,-2.186870748463568770e+00,-9.339535410601275345e+00
1.000000000000000000e+00,2.735331149327323019e-01,-1.275598043986089447e+00
1.000000000000000000e+00,-9.528543098265733757e-01,-4.736577755755084773e+00
1.000000000000000000e+00,-2.180034304342373108e+00,-9.889377774274697330e+00
1.000000000000000000e+00,-6.970542592234196810e-01,-4.632121966492367626e+00
1.000000000000000000e+00,3.177324509682941112e-01,-2.132179528684139402e-01
1.000000000000000000e+00,1.005060440329844207e+00,8.013482827004347886e-01
1.000000000000000000e+00,-4.405000115399432814e-01,-3.229247941953467649e+00
1.000000000000000000e+00,6.609819633638648328e-01,-2.283621042875222384e-01
1.000000000000000000e+00,1.013793953092304856e-01,-1.148118688460279646e+00
1.000000000000000000e+00,-1.171930838279575671e+00,-5.197536846442517344e+00
1.000000000000000000e+00,3.435820015892511181e-01,-5.211863646179160092e-01
1.000000000000000000e+00,-2.821919782251053332e-01,-2.946163298807156661e+00
1.000000000000000000e+00,-2.777726167273767977e-01,-1.937418136832012916e+00
1.000000000000000000e+00,-1.184147181600619519e-01,-2.302199927850196115e+00
1.000000000000000000e+00,6.146416123379658814e-01,-7.006725944273807516e-02
1.000000000000000000e+00,-1.860839521258437212e-01,-2.243202520451313742e+00
1.000000000000000000e+00,-7.563259995729071372e-01,-4.149413226598507975e+00
1.000000000000000000e+00,3.059589810980908875e-01,-8.568894765561796412e-01
1.000000000000000000e+00,6.097635510351782223e-02,-2.588258913202405864e+00
1.000000000000000000e+00,8.565367835434156696e-01,9.541024232296942964e-01
1.000000000000000000e+00,5.117287234984319033e-01,-1.121227625737551303e+00
1.000000000000000000e+00,1.622613518184203019e-01,-1.110321910367476406e+00
1.000000000000000000e+00,1.576273043641784000e+00,3.137099300429908588e+00
1.000000000000000000e+00,-2.627228269945622863e-01,-3.573653200953321285e+00
1.000000000000000000e+00,2.013232456890519384e-01,-8.045224867927417423e-01
1.000000000000000000e+00,1.039389248019842116e+00,9.214127879127944620e-01
1.000000000000000000e+00,4.073159446083069457e-01,-9.356603725642371749e-01
1.000000000000000000e+00,8.117689980799287497e-01,6.657010335204561757e-01
1.000000000000000000e+00,1.493121055660040497e+00,3.144212885843792993e+00
1.000000000000000000e+00,4.497616345872439414e-01,-1.309476546442374101e+00
1.000000000000000000e+00,1.259155367945573811e+00,1.095349051216461644e+00
1.000000000000000000e+00,-1.198768554042254353e-01,-2.919464225840676441e+00
1.000000000000000000e+00,1.223743307422633153e+00,1.837739427764291555e+00
1.000000000000000000e+00,9.179556617313835432e-01,3.040520258773969364e-01
1.000000000000000000e+00,5.619106498301069674e-01,-2.832883944007212329e-01
1.000000000000000000e+00,-6.518277686015847006e-02,-1.973107447022051764e+00
1.000000000000000000e+00,-2.173605251946964800e-01,-2.680418946665021451e+00
1.000000000000000000e+00,3.874515536943719529e-01,-1.500950873278786624e+00
1.000000000000000000e+00,6.371051284913977764e-01,9.789164976590731815e-01
1.000000000000000000e+00,2.610172146519833536e-01,-1.639579484919889030e+00
1.000000000000000000e+00,1.309991514178122929e-01,-1.423968202783804093e+00
1.000000000000000000e+00,1.936038678823168435e-01,-1.672698933580743175e+00
1.000000000000000000e+00,1.569094701866952768e+00,2.566619739290555646e+00
1.000000000000000000e+00,-1.883286369231159219e+00,-9.087800067364245393e+00
1.000000000000000000e+00,3.149235390859321249e-01,-5.467870836307534566e-01
1.000000000000000000e+00,6.158288144340209325e-01,-4.904593978092334772e-01
1.000000000000000000e+00,-8.921946103050776289e-02,-2.028051900567769739e+00
1.000000000000000000e+00,5.795440658737378570e-01,-1.118534110570370999e+00
1.000000000000000000e+00,-1.091282299640888853e+00,-6.145970544138712910e+00
1.000000000000000000e+00,4.335685791061559269e-01,-4.185382418210866762e-01
1.000000000000000000e+00,-4.567402887884577378e-01,-3.236189651588076810e+00
1.000000000000000000e+00,-4.862736536888964123e-01,-3.920163258743504464e+00
1.000000000000000000e+00,-1.244206226394578563e+00,-5.915886714096661336e+00
1.000000000000000000e+00,-1.814753587351035091e-01,-2.735758933933805537e+00
1.000000000000000000e+00,-4.945235814005743413e-01,-2.896380595039179884e+00
1.000000000000000000e+00,-2.943283104295197905e-01,-3.418480196286509454e+00
1.000000000000000000e+00,8.451214901883268293e-01,4.021279662065877503e-01
1.000000000000000000e+00,1.066164678739589755e+00,7.707243132140516595e-01
1.000000000000000000e+00,5.470474739208722736e-01,4.977463379027510237e-01
1.000000000000000000e+00,-1.523251059469497237e+00,-7.288773114110282947e+00
1.000000000000000000e+00,-9.703566213771532833e-01,-5.980320252230151290e+00
1.000000000000000000e+00,-2.060787552670565737e-01,-2.015679590025124313e+00
1.000000000000000000e+00,3.583827344160438466e-01,-9.315540751713241585e-01
1.000000000000000000e+00,4.808516600667471219e-01,4.296815131751963168e-02
1.000000000000000000e+00,-6.416757120745467668e-01,-4.007176717344239414e+00
1.000000000000000000e+00,3.062598282860253818e-01,-1.049822596676765141e+00
1.000000000000000000e+00,3.199212151994625386e-01,-1.545051668340738704e+00
1.000000000000000000e+00,-2.151872512248008962e-01,-2.493386738184014462e+00
1.000000000000000000e+00,1.459893670114632558e+00,1.909804083386615670e+00
1.000000000000000000e+00,1.873541139880451789e+00,3.758665000498476072e+00
1.000000000000000000e+00,-1.496454597060923319e+00,-6.483441647696731813e+00
1.000000000000000000e+00,-1.102254637195729803e+00,-5.220735163953881042e+00
1.000000000000000000e+00,4.958727031819738507e-01,-6.840644012147747421e-01
1.000000000000000000e+00,6.444235678233926068e-01,3.774201748019553881e-01
1.000000000000000000e+00,9.062617411150221125e-01,6.248347530800744121e-01
1.000000000000000000e+00,-5.969958731672333485e-01,-4.448768851720707573e+00
1.000000000000000000e+00,2.692968768411690972e-01,-2.035033274187113328e+00
1.000000000000000000e+00,-5.492637616238796872e-01,-3.729845758585534465e+00
1.000000000000000000e+00,5.823282170047423129e-02,-1.648479523502438981e+00
1.000000000000000000e+00,-1.278225424812921285e-01,-2.593002169719139882e+00
1.000000000000000000e+00,4.093674083596709479e-01,-9.506497740088655224e-01
1.000000000000000000e+00,7.525564447560839643e-01,3.610686781669613654e-01
1.000000000000000000e+00,-8.903595845782426021e-01,-5.006722092477406072e+00
1.000000000000000000e+00,-1.225854890280556608e+00,-5.336140966763557536e+00
1.000000000000000000e+00,-1.743225644717867118e+00,-7.227962527250511471e+00
1.000000000000000000e+00,1.194494303742191121e+00,2.062136411117823975e+00
1.000000000000000000e+00,-6.816554508923311495e-01,-3.162741221608957431e+00
1.000000000000000000e+00,1.937324317500669579e+00,4.134875299975425023e+00
1.000000000000000000e+00,-8.604242586923425973e-02,-2.808708358585704001e+00
1.000000000000000000e+00,8.065305616540298372e-02,-1.626653509558675825e+00
1.000000000000000000e+00,1.113090490617240524e+00,1.659914003856644893e+00
1.000000000000000000e+00,1.857963313777746539e-01,-1.804798279393489580e+00
1.000000000000000000e+00,-1.331920655394937425e+00,-5.992847555582503816e+00
1.000000000000000000e+00,-1.042967413294122320e-01,-2.440565948129704399e+00
1.000000000000000000e+00,1.978785030542948409e+00,4.096299285661302747e+00
1.000000000000000000e+00,1.400122933658106694e-01,-2.212012556648256023e+00
1.000000000000000000e+00,-9.998260739099479322e-01,-5.056324903633631074e+00
1.000000000000000000e+00,-3.522909755163077805e-01,-3.855200520689627375e+00
1.000000000000000000e+00,-7.918922991752065654e-02,-2.968822170243028413e+00
1.000000000000000000e+00,7.381618780690447634e-01,-4.557375480039850268e-01
1.000000000000000000e+00,9.002623802984477397e-01,6.264556906041560680e-01
1.000000000000000000e+00,-5.674155941280109028e-01,-3.665040164040541448e+00
1.000000000000000000e+00,-3.112656091944922959e-02,-2.036356603370899521e+00
1.000000000000000000e+00,-3.741749910347466623e-02,-1.969290441936636160e+00
1.000000000000000000e+00,-9.692301111199712327e-02,-2.731349269812090697e+00
1.000000000000000000e+00,-3.978570859481161959e-01,-3.354897883029794414e+00
1.000000000000000000e+00,1.792023610753539664e+00,3.200201200466655571e+00
1.000000000000000000e+00,8.232000028658020829e-01,9.917155822444996272e-01
1.000000000000000000e+00,-1.708264099525934610e+00,-7.007852434815221798e+00
1.000000000000000000e+00,-5.745874123219972818e-01,-3.011180406752687055e+00
1.000000000000000000e+00,-1.344821247378788387e+00,-6.566646990977907272e+00
1.000000000000000000e+00,-4.138537631570854969e-01,-4.147058817756388294e+00
1.000000000000000000e+00,-1.851556263328464791e+00,-6.560913975500568540e+00
1.000000000000000000e+00,8.743910106017034334e-01,-1.200392932191340911e-02
1.000000000000000000e+00,-5.370027743993517622e-02,-2.411296375572853368e+00
1.000000000000000000e+00,-1.543239733035366879e+00,-7.199105774604458219e+00
1.000000000000000000e+00,-1.135128689251086120e+00,-5.834181462643214466e+00
1.000000000000000000e+00,-4.263564119795996143e-01,-3.332080518162267246e+00
1.000000000000000000e+00,-1.253372247041960375e+00,-6.113737703378037125e+00
1.000000000000000000e+00,-4.856476488268663544e-02,-2.785295221040223979e+00
1.000000000000000000e+00,1.338033420962313924e+00,1.231459092365081442e+00
1.000000000000000000e+00,4.220693297379318754e-01,-3.557418876181073775e-01
1.000000000000000000e+00,-6.971192499718663615e-01,-4.925824059949683864e+00
1.000000000000000000e+00,-2.235981411853508849e+00,-8.384029489229583021e+00
1.000000000000000000e+00,-6.546345285798048641e-01,-3.735191571603792227e+00
1.000000000000000000e+00,7.591549845603415836e-01,6.130991656826882963e-01
1.000000000000000000e+00,-9.647524382883967409e-01,-4.876934622841218037e+00
1.000000000000000000e+00,-2.113702582652408513e+00,-8.435719536194389079e+00
1.000000000000000000e+00,-1.722453285758518970e-01,-2.345714543483597314e+00
1.000000000000000000e+00,-1.161889458935783326e+00,-5.074040214300559626e+00
1.000000000000000000e+00,8.404687952445659416e-02,-1.883453551773057288e+00
1.000000000000000000e+00,-8.672145798438763986e-01,-4.448327041939843518e+00
1.000000000000000000e+00,-5.330756994224243872e-01,-4.199793173223002718e+00
1.000000000000000000e+00,-3.570687661211240371e+00,-1.272214279490805211e+01
1.000000000000000000e+00,6.239821891047585972e-02,-1.567888723427774078e+00
1.000000000000000000e+00,-1.039268310836146902e+00,-4.314191664878829435e+00
1.000000000000000000e+00,-8.972713778914405136e-01,-4.605613533768044832e+00
1.000000000000000000e+00,-1.556387033161589217e+00,-6.580621415704889898e+00
1.000000000000000000e+00,-2.318229738717555721e-01,-3.051341981101697520e+00
1.000000000000000000e+00,5.635291785649284568e-01,-3.321702296208378646e-01
1.000000000000000000e+00,1.183205895194909596e+00,1.380568496627132768e+00
1.000000000000000000e+00,-1.737065232389057634e+00,-7.109395572260440055e+00
1.000000000000000000e+00,-1.759477126573504302e+00,-7.774117373125494446e+00
1.000000000000000000e+00,-1.141643789682265764e+00,-5.918532119595344199e+00
1.000000000000000000e+00,7.924966160121517111e-01,2.758232769551475227e-01
1.000000000000000000e+00,-1.062560075492904543e+00,-6.738857299855170346e+00
1.000000000000000000e+00,2.932004739372296442e-01,3.654116366476256594e-02
1.000000000000000000e+00,4.001956742635404823e-02,-1.496069275278737454e+00
1.000000000000000000e+00,-8.700704166227332115e-01,-3.681406289904836537e+00
1.000000000000000000e+00,-9.612966860815231884e-01,-5.141055398536832577e+00
1.000000000000000000e+00,-1.898375301237270607e+00,-8.158767910110316990e+00
1.000000000000000000e+00,-6.531298766769271236e-01,-3.408550021586981504e+00
1.000000000000000000e+00,-1.476619594706932714e+00,-7.223836191613878910e+00
1.000000000000000000e+00,2.095035781396812832e-02,-1.425081636447137923e+00
1.000000000000000000e+00,-2.744153763631899667e-01,-2.840830574875512937e+00
1.000000000000000000e+00,-3.065136390956303414e-01,-2.928863465826643253e+00
1.000000000000000000e+00,-2.228916597738069605e+00,-9.445162417927553733e+00
1.000000000000000000e+00,-6.778604805806232037e-01,-4.068821577834208725e+00
1.000000000000000000e+00,-3.234330006297350679e-01,-3.220857831044941388e+00
1.000000000000000000e+00,8.312636023092714321e-01,1.293438700398877872e+00
1.000000000000000000e+00,1.280207367068991964e+00,2.863186893456222126e+00
1.000000000000000000e+00,6.463429752520549743e-01,-2.621087730633275825e-01
1.000000000000000000e+00,3.160407818067316743e-01,-1.186428345959928743e+00
1.000000000000000000e+00,-7.994218356035850404e-01,-3.938193135531427913e+00
1.000000000000000000e+00,-6.671029252230592510e-01,-4.531293106388829095e+00
1.000000000000000000e+00,-7.165039614134225410e-01,-4.074196525579915296e+00
1.000000000000000000e+00,5.816087695160966353e-01,3.735611386645082410e-02
1.000000000000000000e+00,-1.477981401686188745e+00,-6.746400808329420684e+00
1.000000000000000000e+00,-4.870430767401724426e-01,-3.614422649860506542e+00
1.000000000000000000e+00,4.241569564037585560e-01,-3.232438843277936069e-01
1.000000000000000000e+00,2.124533674690884111e-01,-1.286217412181611897e+00
1.000000000000000000e+00,1.015550988055971215e+00,1.089414539386165837e+00
1.000000000000000000e+00,7.143149829981075838e-01,1.083795982347423248e+00
1.000000000000000000e+00,-5.573361230628403051e-01,-3.134802661831631809e+00
1.000000000000000000e+00,2.950357165519589819e-01,-1.047304705630873745e+00
1.000000000000000000e+00,-4.245129117338545255e-01,-3.774845632997740452e+00
1.000000000000000000e+00,-4.915364938258515171e-01,-3.816337893207556675e+00
1.000000000000000000e+00,1.699355131734907820e+00,2.484127364916417946e+00
1.000000000000000000e+00,1.373703435477655832e+00,2.565829700122917778e+00
1.000000000000000000e+00,-7.593629857891914803e-01,-4.291901895795989574e+00
1.000000000000000000e+00,1.871103468698252781e-01,-1.810902814476636147e+00
1.000000000000000000e+00,2.301214745781360538e+00,4.967006546238691200e+00
1.000000000000000000e+00,-2.740844542416307483e-01,-1.706152200699112775e+00
1.000000000000000000e+00,9.550761715564124454e-01,1.287046144708541506e+00
1.000000000000000000e+00,1.729150859994727396e+00,2.906844752357225392e+00
1.000000000000000000e+00,2.837316708856200131e-01,-2.216788164015273566e+00
1.000000000000000000e+00,-6.070275365326714967e-01,-3.935828976747332675e+00
1.000000000000000000e+00,-1.107588287816053452e+00,-5.178354683355809840e+00
1.000000000000000000e+00,1.245937580234641517e+00,2.118808651213147876e+00
1.000000000000000000e+00,-1.983196977018105489e+00,-8.137787757189682836e+00
1.000000000000000000e+00,-3.313541577251344350e-01,-2.835097550497565067e+00
1.000000000000000000e+00,1.046833024584212790e+00,7.292134562470036219e-01
1.000000000000000000e+00,5.490497582526113751e-01,2.688786053083103145e-01
1.000000000000000000e+00,-4.536616633852107866e-02,-2.119539762365576507e+00
1.000000000000000000e+00,-2.842523177260441347e+00,-1.100958621095144885e+01
1.000000000000000000e+00,1.213854116171958264e+00,1.764574085797385505e+00
1.000000000000000000e+00,-5.597711433881754628e-01,-4.931376741991055468e+00
1.000000000000000000e+00,3.122087205604258675e-01,-5.120589662760365313e-01
1.000000000000000000e+00,6.222459976043798191e-01,-4.519134585776566349e-01
1.000000000000000000e+00,1.851874374712747739e+00,2.900153985396307199e+00
1.000000000000000000e+00,-6.858500145881865073e-01,-3.803885783266640175e+00
1.000000000000000000e+00,1.378224554218911990e+00,1.349858599487316457e+00
1.000000000000000000e+00,-1.682848763933163516e-01,-1.443456989469044771e+00
1.000000000000000000e+00,-2.280389228273793201e+00,-8.269807337111801715e+00
1.000000000000000000e+00,1.130687147876208609e+00,7.990647556582809452e-01
1.000000000000000000e+00,2.800748035016050741e-01,-7.145830585539814095e-01
1.000000000000000000e+00,4.401735736364253970e-01,-5.308640107706873446e-01
1.000000000000000000e+00,-8.498565076135388141e-01,-4.849255756232034642e+00
1.000000000000000000e+00,-3.366938249637211888e-01,-3.485993088460667355e+00
1.000000000000000000e+00,5.998608862761072719e-02,-1.848692777147651123e+00
1.000000000000000000e+00,-7.426190549371225469e-01,-3.882053196835468789e+00
1.000000000000000000e+00,2.437070210047773966e-01,-1.054435165099996574e+00
1.000000000000000000e+00,5.607826485860710752e-01,-1.023809908782687406e-01
1.000000000000000000e+00,-4.688633537314619293e-01,-3.228133456120994449e+00
1.000000000000000000e+00,7.589984787970783797e-01,1.445595256060990264e-01
1.000000000000000000e+00,1.684774902480717651e-01,-1.534205720955000185e+00
1.000000000000000000e+00,4.754391814097959634e-01,-9.936352119899025670e-01
1.000000000000000000e+00,-1.123555888379997425e+00,-5.678332274743221220e+00
1.000000000000000000e+00,-2.217392108137908879e-01,-1.702339380244303424e+00
1.000000000000000000e+00,1.707278747304266375e-01,-1.787877213740362903e+00
1.000000000000000000e+00,-3.662287007566721320e-01,-3.443365825740424491e+00
1.000000000000000000e+00,8.185676422881819070e-01,1.053661190721924434e+00
1.000000000000000000e+00,7.772617061253252191e-02,-1.031495141315962094e+00
1.000000000000000000e+00,-1.385839998448654908e+00,-5.733779412622100224e+00
1.000000000000000000e+00,-8.619782330518223068e-01,-4.874232158263035686e+00
1.000000000000000000e+00,-6.150885633754312742e-01,-3.416741700227463596e+00
1.000000000000000000e+00,-7.975923515757589177e-01,-4.392619438262371112e+00
1.000000000000000000e+00,-6.332292126628592810e-02,-1.313107012788947481e+00
1.000000000000000000e+00,-3.776376962701420426e-01,-3.584601244796975728e+00
1.000000000000000000e+00,8.098015017625237455e-01,4.165321938858294604e-01
1.000000000000000000e+00,-9.219396291282746514e-01,-4.692482445939772262e+00
1.000000000000000000e+00,7.269344510529601733e-01,6.164211696167495314e-01
1.000000000000000000e+00,-1.258725441007420898e+00,-5.463242863457559828e+00
1.000000000000000000e+00,1.436052187834311766e+00,2.201611536905735633e+00
1.000000000000000000e+00,-3.611490641445185834e-01,-3.329991520262463034e+00
1.000000000000000000e+00,7.396563210135237432e-01,-4.890941839610855046e-01
1.000000000000000000e+00,5.655789664603648459e-02,-1.786466193696401916e+00
1.000000000000000000e+00,-1.567217660383702027e+00,-6.147491537932516792e+00
1.000000000000000000e+00,-1.302153499620454680e+00,-5.234007353930194562e+00
1.000000000000000000e+00,2.748792896254337759e+00,7.066167500193962780e+00
1.000000000000000000e+00,-8.061606768622509023e-02,-2.000758324559521295e+00
1.000000000000000000e+00,1.084521268200563382e+00,1.548339905307679176e+00
1.000000000000000000e+00,1.970035026199014327e-01,-1.652912924714141862e+00
1.000000000000000000e+00,-3.558368132436288134e-01,-2.439853331056098806e+00
1.000000000000000000e+00,6.356745933716726471e-01,-1.649472839396524115e-01
1.000000000000000000e+00,-1.801212984857335497e-01,-2.747575460651165535e+00
1.000000000000000000e+00,-2.644821854548025986e+00,-1.055331377508743351e+01
1.000000000000000000e+00,1.494575297371405487e-01,-2.436399707958294858e+00
1.000000000000000000e+00,4.488042909638266242e-01,-1.085437800822483867e+00
1.000000000000000000e+00,-6.237412632475797247e-01,-4.502225541066539272e+00
1.000000000000000000e+00,7.115804555900369088e-01,-1.837512453860745132e-01
1.000000000000000000e+00,-9.554470514354723720e-01,-5.447891402868008548e+00
1.000000000000000000e+00,-3.902860891052118975e-01,-2.873972455305376261e+00
1.000000000000000000e+00,-8.450156872447320833e-01,-5.320281461986811955e+00
1.000000000000000000e+00,1.105584739130481164e+00,1.488622960586633459e+00
1.000000000000000000e+00,5.761897714016531724e-01,-7.118666247652045698e-01
1.000000000000000000e+00,-3.100186038307343739e-01,-2.872013258543573588e+00
1.000000000000000000e+00,2.701844692950911564e-01,-9.870290372973173909e-01
1.000000000000000000e+00,-1.342436265072230794e+00,-6.370979329127585800e+00
1.000000000000000000e+00,2.404116658538770282e-02,-8.187748173255513517e-01
1.000000000000000000e+00,2.978692720055006182e-01,-1.662203815095308457e+00
1.000000000000000000e+00,-1.419063992031199470e-02,-1.885635600255675559e+00
1.000000000000000000e+00,5.643736484489977334e-01,-5.430825936024026301e-01
1.000000000000000000e+00,9.378121914927671499e-02,-1.614114743230879112e+00
1.000000000000000000e+00,-1.351759931492058309e+00,-6.206826386791858496e+00
1.000000000000000000e+00,9.951216187660184564e-01,6.383549486683381957e-01
1.000000000000000000e+00,7.390982547075192199e-01,-4.503095151723596201e-02
1.000000000000000000e+00,1.066623017022457542e+00,1.963922291778033902e+00
1.000000000000000000e+00,7.798948360874615737e-01,4.652474154798913464e-01
1.000000000000000000e+00,1.518045718171357583e+00,3.004644684353869000e+00
1.000000000000000000e+00,-1.875575054112947893e+00,-6.905502685334285573e+00
1.000000000000000000e+00,7.383502560812248428e-01,-5.447397505659518080e-02
1.000000000000000000e+00,2.105837228558191110e-01,-2.046332448291050099e+00
1.000000000000000000e+00,-7.658063714426361912e-01,-4.529112974489855503e+00
1.000000000000000000e+00,-4.209514917756876362e-02,-2.018648289148745611e+00
1.000000000000000000e+00,3.875086145822794204e-01,-1.499170604960855968e+00
1.000000000000000000e+00,-6.593704538543606608e-01,-3.455906756239044419e+00
1.000000000000000000e+00,-1.002271833950584723e+00,-4.957462990037569739e+00
1.000000000000000000e+00,1.437528496459556493e+00,1.980887970321297153e+00
1.000000000000000000e+00,1.197418669344665565e+00,1.118166919181651453e+00
1.000000000000000000e+00,5.852137768037458665e-01,-3.194638381561210605e-01
1.000000000000000000e+00,1.045692475418142475e+00,1.582283591834278802e+00
1.000000000000000000e+00,5.325672457580087338e-01,-4.598776670769411656e-01
1.000000000000000000e+00,-9.161821751272855030e-01,-4.574029540687014617e+00
1.000000000000000000e+00,-7.319830551335101410e-01,-3.842157928348866491e+00
1.000000000000000000e+00,5.199279434934881428e-01,-1.499006201659790483e-01
1.000000000000000000e+00,-9.603310877711984661e-01,-4.627568020231174195e+00
1.000000000000000000e+00,-3.859309380908228504e-01,-2.830131998126271142e+00
1.000000000000000000e+00,1.548726156397579046e-01,-1.811400082046149995e+00
1.000000000000000000e+00,-6.841636835356171287e-02,-1.761337763488118435e+00
1.000000000000000000e+00,1.260034146966134916e+00,2.399183718198588888e+00
1.000000000000000000e+00,1.102314655923874565e+00,1.875153678981275718e+00
1.000000000000000000e+00,-1.292441047274429655e+00,-5.776802344039669634e+00
1.000000000000000000e+00,1.066623177090640251e+00,5.196807520337743957e-01
1.000000000000000000e+00,-6.493099516421144690e-01,-3.654786268111940295e+00
1.000000000000000000e+00,-9.226513579783249264e-02,-2.452109221248053750e+00
1.000000000000000000e+00,1.178166859025015833e+00,2.265189323489851247e-01
1.000000000000000000e+00,4.122771724271379612e-01,-8.968671989534684474e-01
1.000000000000000000e+00,-8.140214032190505253e-03,-1.724581401548874737e+00
1.000000000000000000e+00,2.724172969819504408e-01,-1.721605250466789805e+00
1.000000000000000000e+00,-2.133083371347048729e-01,-2.341642867957352880e+00
1.000000000000000000e+00,5.308471797684038984e-01,-6.888061410474772828e-01
1.000000000000000000e+00,9.048104438684783091e-01,4.931909449809163126e-01
1.000000000000000000e+00,-1.085264063904878284e+00,-5.280813500333672472e+00
1.000000000000000000e+00,-7.012772980677504098e-01,-3.536401752101439477e+00
1.000000000000000000e+00,-5.870366155294318711e-01,-2.972232479568938324e+00
1.000000000000000000e+00,2.596108733858307760e-01,-1.869107192621677571e+00
1.000000000000000000e+00,1.308425045957173571e+00,1.501455196268694614e+00
1.000000000000000000e+00,5.209454448607017119e-01,-5.076382816097528838e-01
1.000000000000000000e+00,-9.960669654012711816e-02,-2.531444134837536275e+00
1.000000000000000000e+00,-8.493635915114073898e-01,-4.423753908732525275e+00
1.000000000000000000e+00,-4.388674374904165676e-01,-3.428441903677712954e+00
1.000000000000000000e+00,-1.442599523548941054e+00,-5.359494202664646600e+00
1.000000000000000000e+00,9.220745401377340444e-01,1.049992968007348537e+00
1.000000000000000000e+00,4.209368932788983830e-01,-1.068188449335751855e+00
1.000000000000000000e+00,1.224380944928886272e+00,1.615347060108492716e+00
1.000000000000000000e+00,-8.487936933151839503e-01,-4.284724909032201268e+00
1.000000000000000000e+00,-6.520470911303488659e-01,-4.063077232219009183e+00
1.000000000000000000e+00,-2.654710631536547072e-01,-2.340890370037807866e+00
1.000000000000000000e+00,5.535672624743503967e-01,-9.442512291298470473e-01
1.000000000000000000e+00,-1.460364855126370376e+00,-5.548184876354919304e+00
1.000000000000000000e+00,-1.185868431198608519e+00,-5.790482875346626201e+00
1.000000000000000000e+00,7.638131544781728843e-02,-1.934642928794057415e+00
1.000000000000000000e+00,1.138777837381247826e+00,1.887844999909207955e+00
1.000000000000000000e+00,-6.538849967155190290e-01,-3.837687573645029993e+00
1.000000000000000000e+00,1.239464316165150848e+00,2.573573566808362578e+00
1.000000000000000000e+00,7.352412767963516504e-01,-1.298182958167002354e-01
1.000000000000000000e+00,7.976247755677065565e-02,-1.788328968674925523e+00
1.000000000000000000e+00,-1.562787286099144579e-02,-2.333483718406160978e+00
1.000000000000000000e+00,-1.085917001691979467e+00,-5.428919684721988936e+00
1.000000000000000000e+00,8.274839959462032546e-01,5.147439993600996244e-01
1.000000000000000000e+00,1.056904784164598210e+00,1.484709350525683869e+00
1.000000000000000000e+00,3.830335157658579792e-01,-1.251160828768809186e+00
1.000000000000000000e+00,9.817557665907228337e-01,1.287121409261747340e+00
1.000000000000000000e+00,8.994565576441492238e-01,5.908191490989460615e-01
1.000000000000000000e+00,6.737759059516517102e-01,6.101273076606187340e-01
1.000000000000000000e+00,-2.679342140282715001e-01,-3.067616076125658342e+00
1.000000000000000000e+00,-4.567593645274438119e-01,-3.014150144674012655e+00
1.000000000000000000e+00,-2.434488018611994098e-01,-2.970948296683749046e+00
1.000000000000000000e+00,1.710679917521517324e-01,-1.692373632764867297e+00
1.000000000000000000e+00,2.282377772597879162e-01,-2.220112320075228851e+00
1.000000000000000000e+00,-8.595490101634399582e-02,-2.534237874642552679e+00
1.000000000000000000e+00,2.499452273632605692e+00,5.600418778140898723e+00
1.000000000000000000e+00,-2.135011119512342237e+00,-8.956614036174363136e+00
1.000000000000000000e+00,-5.497756351723949164e-01,-3.636412303729711137e+00
1.000000000000000000e+00,-2.946971445560634395e-01,-3.226386525461912402e+00
1.000000000000000000e+00,1.009174585592989004e+00,8.764330153917258004e-01
1.000000000000000000e+00,-2.925475135209840150e-01,-3.589815464553308466e+00
1.000000000000000000e+00,1.361635998163033046e+00,1.615729217981435539e+00
1.000000000000000000e+00,-4.545971224080064266e-01,-4.586779105907655030e+00
1.000000000000000000e+00,-4.656892954823842468e-01,-3.476630985677594765e+00
1.000000000000000000e+00,-2.767048417182370046e-01,-3.350547285514770657e+00
1.000000000000000000e+00,-1.358435152354677600e+00,-5.703629094101001051e+00
1.000000000000000000e+00,-2.687551826019452528e-01,-2.556878112320322582e+00
1.000000000000000000e+00,9.892034626810215503e-01,7.219657103068843895e-01
1.000000000000000000e+00,-5.386136162210494183e-01,-4.722385505968043518e+00
1.000000000000000000e+00,2.604638941568960253e-01,-7.837591873507747664e-01
1.000000000000000000e+00,1.437247584677389112e+00,2.680490968675713681e+00
1.000000000000000000e+00,5.012775891442338150e-01,5.007952178761876372e-02
1.000000000000000000e+00,1.091636591001244216e+00,1.477195468243577947e+00
1.000000000000000000e+00,-5.152833281958660999e-02,-1.618572848197753933e+00
1.000000000000000000e+00,-1.151529459239461817e+00,-5.807338192492437656e+00
1.000000000000000000e+00,-2.950635249634178336e+00,-1.153857322569533039e+01
1.000000000000000000e+00,8.177785947144381451e-01,6.647576784311890474e-01
1.000000000000000000e+00,4.551291771758120275e-02,-1.324003367712135004e+00
1.000000000000000000e+00,-4.985729903407246089e-01,-3.100455665628674140e+00
1.000000000000000000e+00,-3.717987579306853418e-01,-2.556664713369180220e+00
1.000000000000000000e+00,4.475028706185534277e-01,-7.012015239746578477e-01
1.000000000000000000e+00,-7.999232858155398418e-01,-4.520966987142104543e+00
1.000000000000000000e+00,2.610454749591502033e-01,-8.543125386735996862e-01
1.000000000000000000e+00,1.094477580367617886e+00,2.170494737354430104e+00
1.000000000000000000e+00,-4.943618799889004101e-01,-3.720360593168768215e+00
1.000000000000000000e+00,6.209980052169441350e-02,-1.060965621192891284e+00
1.000000000000000000e+00,3.461003950342926294e-01,-1.572568032558785855e+00
1.000000000000000000e+00,-8.201934672986056496e-01,-3.532582645569215529e+00
1.000000000000000000e+00,1.365201901129796891e+00,2.210960329974183125e+00
1.000000000000000000e+00,4.041375814279992151e-01,1.471456166713349667e-01
1.000000000000000000e+00,-4.624353132139739087e-01,-3.169063963864397149e+00
1.000000000000000000e+00,5.846287320996004233e-01,1.252764310336841325e-01
1.000000000000000000e+00,6.817617907595022730e-01,-3.104949076274477471e-01
1.000000000000000000e+00,1.378035671965601172e-01,-1.613122519702534952e+00
1.000000000000000000e+00,1.878198923294069345e-02,-7.860028439243058607e-01
1.000000000000000000e+00,1.997133674030905914e-01,-1.873899387556789975e+00
1.000000000000000000e+00,3.627607067608266348e-03,-2.369621559258157983e+00
1.000000000000000000e+00,1.168555942013985049e+00,1.624050126096000746e+00
1.000000000000000000e+00,3.207203346101508007e-02,-1.522950370679710730e+00
1.000000000000000000e+00,-7.283607636966210608e-01,-3.703127345727313280e+00
1.000000000000000000e+00,-2.400978076272324568e-01,-2.881408077437128679e+00
1.000000000000000000e+00,-1.808292937141641188e+00,-6.942791280750872929e+00
1.000000000000000000e+00,-9.840886309640035912e-02,-2.599155255982277257e+00
1.000000000000000000e+00,1.145308864753867395e+00,1.691723053937971066e+00
1.000000000000000000e+00,1.280323297088752810e+00,1.583659319041512248e+00
1.000000000000000000e+00,9.920994660466437853e-01,1.103151827753543257e+00
1.000000000000000000e+00,2.323578467797025315e-01,-9.230116085516856250e-01
1.000000000000000000e+00,-7.134173154022982466e-02,-2.190336648816284537e+00
1.000000000000000000e+00,4.646260736755840615e-01,-1.469813400733952502e+00
1.000000000000000000e+00,5.917889667193632075e-02,-1.864965048148734761e+00
1.000000000000000000e+00,-1.592103636894303342e+00,-6.968201151318231368e+00
1.000000000000000000e+00,1.629891063810902374e-01,-1.082597252596272597e+00
1.000000000000000000e+00,-2.242962839164881927e+00,-9.415501277823466353e+00
1.000000000000000000e+00,-1.555324595539919474e-01,-2.260793344827794815e+00
1.000000000000000000e+00,9.400283140300218498e-01,3.597260562846508192e-01
1.000000000000000000e+00,-6.950662960327889106e-01,-3.502157180040113449e+00
1.000000000000000000e+00,1.150437363065060836e+00,2.015250046861286837e+00
1.000000000000000000e+00,1.271419885148562079e+00,2.255602293402287906e+00
1.000000000000000000e+00,-4.639776748903610970e-02,-2.270613084611440513e+00
1.000000000000000000e+00,-4.054048769786721129e-01,-2.977985290058282608e+00
1.000000000000000000e+00,-1.065693119658403853e+00,-5.373274271002532743e+00
1.000000000000000000e+00,5.680828657279151095e-01,-6.070825111564541743e-01
1.000000000000000000e+00,3.336111224310960299e-01,-1.555223583813888588e+00
1.000000000000000000e+00,4.383848317094491409e-01,-2.158904757293041321e+00
1.000000000000000000e+00,2.826585050741848085e-02,-2.691748753532172245e+00
1.000000000000000000e+00,1.446685299493759118e-02,-2.428816333629761015e+00
1.000000000000000000e+00,3.348057289145170978e-01,-9.477818446716664846e-01
1.000000000000000000e+00,-1.061080328700202413e-01,-1.076782394238128493e+00
1.000000000000000000e+00,-6.812212044709388126e-01,-3.513895588149166471e+00
1.000000000000000000e+00,7.200719760447255036e-02,-1.382396915047032993e+00
1.000000000000000000e+00,1.114888365003619208e+00,1.551028062479388403e+00
1.000000000000000000e+00,6.981724568827698540e-01,9.901266581747134587e-01
1.000000000000000000e+00,6.479923743793200019e-01,1.966531207901713874e-01
1.000000000000000000e+00,8.600984238216645428e-02,-2.515693776502112122e+00
1.000000000000000000e+00,-1.456508819430103907e+00,-6.578477543079831236e+00
1.000000000000000000e+00,1.258685230514942632e-01,-1.807357084113088153e+00
1.000000000000000000e+00,-1.228687912018223471e+00,-5.524536059424343115e+00
1.000000000000000000e+00,-1.678788972596283235e+00,-6.335055996814314305e+00
1.000000000000000000e+00,-1.143587662236899449e+00,-5.946775211202409039e+00
1.000000000000000000e+00,4.095417395444482800e-01,-6.261597908841168847e-01
1.000000000000000000e+00,1.462407214206103090e+00,2.815637998782018592e+00
1.000000000000000000e+00,1.173017319399772607e+00,7.965320345120724399e-01
1.000000000000000000e+00,-1.879531901447263342e-01,-2.152467737808894555e+00
1.000000000000000000e+00,1.211467834680510780e+00,2.372561897600284464e+00
1.000000000000000000e+00,-2.185849069525346022e-01,-2.997317913578149362e+00
1.000000000000000000e+00,3.936405227915132365e-01,-2.870252054759204752e-01
1.000000000000000000e+00,-5.003296594026139799e-01,-2.988539671140959531e+00
1.000000000000000000e+00,-1.393404245162489730e+00,-6.035420423922119859e+00
1.000000000000000000e+00,-5.911376044593635859e-02,-1.419431389609662197e+00
1.000000000000000000e+00,-1.294877787621368181e+00,-6.542527098828070820e+00
1.000000000000000000e+00,-7.339146029588841103e-01,-4.236908989997214547e+00
1.000000000000000000e+00,8.660438453346896992e-01,4.735333303584798870e-01
1.000000000000000000e+00,-6.123592672929815267e-02,-1.568065921675673824e+00
1.000000000000000000e+00,4.503344082589781361e-01,-4.443518270265908177e-01
1.000000000000000000e+00,-1.345760019191109436e+00,-5.539155666708049708e+00
1.000000000000000000e+00,6.247478423836858585e-01,4.948709975551823792e-01
1.000000000000000000e+00,-5.862181385980649306e-01,-4.301918268130677347e+00
1.000000000000000000e+00,1.795439707835074505e-01,-1.874455410865048632e+00
1.000000000000000000e+00,5.353927008354627537e-01,1.734569852587602989e-01
1.000000000000000000e+00,2.136794324020349745e+00,4.256666900195914316e+00
1.000000000000000000e+00,-2.807475969748217004e+00,-1.105796210183085648e+01
1.000000000000000000e+00,7.091247555448918494e-01,1.419211014086731781e+00
1.000000000000000000e+00,6.442545977117547507e-02,-1.617020010512235428e+00
1.000000000000000000e+00,-1.641239626345707969e-01,-2.909288739241626676e+00
1.000000000000000000e+00,-1.221711817870805961e+00,-5.455544867136013387e+00
1.000000000000000000e+00,-4.875130427912673370e-01,-2.507979128521252044e+00
1.000000000000000000e+00,-1.244075098901219034e+00,-4.827650366876469867e+00
1.000000000000000000e+00,-4.101292649989422556e-01,-3.713286087456173945e+00
1.000000000000000000e+00,5.689232391246019649e-01,-4.753002093120859972e-01
1.000000000000000000e+00,1.926670221601120225e+00,4.620503741911651474e+00
1.000000000000000000e+00,3.202718630300818714e-01,-1.559098183801835624e+00
1.000000000000000000e+00,1.033295485190792506e+00,7.956936760038256784e-01
1.000000000000000000e+00,1.466604180237749855e+00,2.218069342451062020e+00
1.000000000000000000e+00,6.529346316835027420e-01,-4.588231456422233734e-01
1.000000000000000000e+00,-9.896940244982721513e-01,-4.775385371742228990e+00
1.000000000000000000e+00,2.692169472224604232e-01,-1.810200634052999025e+00
1.000000000000000000e+00,3.637078180660273108e-01,-1.113620981430663459e+00
1.000000000000000000e+00,4.871177718836213200e-01,-7.235443846210285468e-01
1.000000000000000000e+00,-9.863547420702967194e-01,-5.153520930101847419e+00
1.000000000000000000e+00,1.529261917846737706e+00,2.107395936134187409e+00
1.000000000000000000e+00,-2.386655044814786741e+00,-9.013414247705782145e+00
1.000000000000000000e+00,1.735718803799606025e-01,-2.195378291549763716e+00
1.000000000000000000e+00,-5.229413419754884718e-01,-3.636938964775184857e+00
1.000000000000000000e+00,2.559619010469944556e+00,4.749004600560201794e+00
1.000000000000000000e+00,-3.189742970384962240e-01,-2.906496749089909404e+00
1.000000000000000000e+00,-3.882682048910070516e-01,-3.025032708713150331e+00
1.000000000000000000e+00,9.613687183513350831e-01,1.298366368848640429e+00
1.000000000000000000e+00,2.263079307061817147e-01,-1.235448241726488483e+00
1.000000000000000000e+00,1.226432578656838857e+00,1.941831573288057999e+00
1.000000000000000000e+00,-2.002082330322819459e+00,-7.752036762933423475e+00
1.000000000000000000e+00,1.122510171473774854e+00,1.629639983113763346e+00
1.000000000000000000e+00,-2.427056047887337920e-01,-2.819113178442327339e+00
1.000000000000000000e+00,1.121301699104037208e+00,8.324867426963855621e-01
1.000000000000000000e+00,6.674098317496024446e-01,2.038060375201726417e-03
1.000000000000000000e+00,-1.345185561111256201e+00,-6.318057441668845087e+00
1.000000000000000000e+00,-1.325793690961143412e+00,-5.873023574412099990e+00
1.000000000000000000e+00,-1.017450826280315246e+00,-5.385875698485552476e+00
1.000000000000000000e+00,-8.037226893596093324e-01,-4.214172603217339663e+00
1.000000000000000000e+00,-7.209276470810191961e-01,-5.092013575037393380e+00
1.000000000000000000e+00,-2.044177015275019826e+00,-8.243560283783551768e+00
1.000000000000000000e+00,7.877010392390542126e-01,2.862789119882206412e-01
1.000000000000000000e+00,-3.655183144196038625e-01,-3.565006200246186641e+00
1.000000000000000000e+00,-8.003459848451244252e-01,-4.508719444080129257e+00
1.000000000000000000e+00,1.109552424937757298e+00,1.503810085586555934e+00
1.000000000000000000e+00,6.422831125167797195e-01,4.522174406721660711e-01
1.000000000000000000e+00,6.904595647724812713e-01,6.231248593387272994e-01
1.000000000000000000e+00,-1.187232915582934423e+00,-5.851801062712073787e+00
1.000000000000000000e+00,-1.282581656917806345e+00,-5.903754946789313784e+00
1.000000000000000000e+00,-6.558793668936679921e-01,-3.506109379866710896e+00
1.000000000000000000e+00,1.990321477567352781e+00,4.526078414155978891e+00
1.000000000000000000e+00,-2.528276766861469183e-01,-3.107998085460637938e+00
1.000000000000000000e+00,1.708342383970415934e-01,-1.777359099760194683e+00
1.000000000000000000e+00,-1.329822983434068906e+00,-6.283957003554289322e+00
1.000000000000000000e+00,-4.729772109561020121e-01,-4.120950733595409865e+00
1.000000000000000000e+00,-5.989792655634661456e-01,-2.071146907519175073e+00
1.000000000000000000e+00,9.028182908989862421e-01,-1.758709637123984093e-01
1.000000000000000000e+00,1.661863341171397335e-01,-2.073681258811339134e+00
1.000000000000000000e+00,9.290249492961510924e-01,1.010263578814118768e+00
1.000000000000000000e+00,-2.272164721614575278e+00,-8.326280547771952811e+00
1.000000000000000000e+00,-3.660934197773942772e-02,-2.220516890795682929e+00
1.000000000000000000e+00,1.725918454941710367e+00,3.000592977387324112e+00
1.000000000000000000e+00,-2.242097394215547823e-01,-2.843739644618022755e+00
1.000000000000000000e+00,-1.071732449433432377e+00,-5.186581530437255338e+00
1.000000000000000000e+00,-1.356386589721652935e+00,-5.526841530576859007e+00
1.000000000000000000e+00,1.189538448171716833e+00,6.479155252854148506e-01
1.000000000000000000e+00,-3.894975992622513872e-02,-1.865131458312922597e+00
1.000000000000000000e+00,7.997502689958657651e-01,8.352358055397894887e-01
1.000000000000000000e+00,-6.944516223735338611e-01,-4.225440640999887698e+00
1.000000000000000000e+00,5.965165878883171846e-01,-8.085786842869754354e-01
1.000000000000000000e+00,3.285513534014739556e-01,-1.032853849687136893e+00
1.000000000000000000e+00,-1.488144260104868610e-01,-2.738413645483465331e+00
1.000000000000000000e+00,7.133872964408347617e-01,9.118450313087717030e-01
1.000000000000000000e+00,3.490849746289142325e-02,-2.605001621991261729e+00
1.000000000000000000e+00,5.157365039848844646e-01,-7.327334184599052502e-01
1.000000000000000000e+00,-7.313498032808848359e-01,-3.766479559714620784e+00
1.000000000000000000e+00,5.291949408770849073e-02,-4.097664777041112316e-01
1.000000000000000000e+00,-9.356958351068568602e-02,-1.283427534287973515e+00
1.000000000000000000e+00,-1.259155177787894209e+00,-6.352028805929220034e+00
1.000000000000000000e+00,2.171129750112495982e-01,-1.609393593826162538e+00
1.000000000000000000e+00,-9.345664447119432783e-01,-4.897926380855962769e+00
1.000000000000000000e+00,1.034695868563431986e+00,9.457516479642071872e-01
1.000000000000000000e+00,-1.429925657740177547e-01,-1.920823215249332083e+00
1.000000000000000000e+00,-3.884175405099960648e-02,-2.566470921217338663e+00
1.000000000000000000e+00,-8.694044883848871252e-02,-1.654071482212523314e+00
1.000000000000000000e+00,1.310366226415763835e+00,1.420772480901111079e+00
1.000000000000000000e+00,-4.604006641408628919e-01,-4.190428742554693109e+00
1.000000000000000000e+00,-8.222967136281469358e-01,-4.330085849931351483e+00
1.000000000000000000e+00,4.962043091757382673e-01,-2.420416886632187348e-01
1.000000000000000000e+00,-1.897179432430563750e+00,-8.402951601171480434e+00
1.000000000000000000e+00,-4.083049212128833094e-01,-3.072994047767553027e+00
1.000000000000000000e+00,3.916976108316170824e-01,-1.286707401926260985e+00
1.000000000000000000e+00,-8.274370723667066052e-01,-4.114489649855789466e+00
1.000000000000000000e+00,8.694104778730363803e-01,9.324929678218576434e-01
1.000000000000000000e+00,-2.271407466756998061e-01,-2.652492923575207939e+00
1.000000000000000000e+00,3.316531265318401478e-01,-1.305819726096781652e+00
1.000000000000000000e+00,5.038392312126895867e-01,-1.518577173065380981e+00
1.000000000000000000e+00,-6.932125062882893429e-01,-4.424261031620339679e+00
1.000000000000000000e+00,-8.564498155277318336e-02,-1.576722800987105266e+00
1.000000000000000000e+00,-1.789062693672658078e-01,-2.422264145237799760e+00
1.000000000000000000e+00,-3.430693407133862949e-01,-3.452271557598834750e+00
1.000000000000000000e+00,2.712223853402471740e-01,-1.275647222230571698e+00
1.000000000000000000e+00,-2.344363618636327584e-01,-2.721393106527283390e+00
1.000000000000000000e+00,-1.213606146745666914e+00,-5.965416210127433949e+00
1.000000000000000000e+00,1.238066344248259121e+00,2.752764865662049587e+00
1.000000000000000000e+00,1.873131299305197395e+00,3.437246386553546973e+00
1.000000000000000000e+00,2.201497556837589187e+00,5.134852982867146309e+00
1.000000000000000000e+00,-8.709617201918292695e-01,-4.169576658684054138e+00
1.000000000000000000e+00,4.431577474286431222e-03,-1.651684029529609132e+00
1.000000000000000000e+00,-5.906271711213275655e-01,-3.024772016445056444e+00
1.000000000000000000e+00,-1.091037249595523395e+00,-4.618528059230396110e+00
1.000000000000000000e+00,4.305714324967214179e-01,-1.607310407551245657e+00
1.000000000000000000e+00,1.904751286887059525e+00,4.169470999903104769e+00
1.000000000000000000e+00,-6.861154737392182179e-01,-4.091075042056441013e+00
1.000000000000000000e+00,-4.533933982436729737e-01,-3.553792784707843655e+00
1.000000000000000000e+00,-4.463934101460419468e-01,-3.446261468302540099e+00
1.000000000000000000e+00,1.197334991537211124e+00,1.153834592811702420e+00
1.000000000000000000e+00,-1.721463548942546939e+00,-7.703957532951863918e+00
1.000000000000000000e+00,1.083936610712782578e+00,1.675630706588365326e+00
1.000000000000000000e+00,1.027846653948859990e+00,1.984396205383326395e-01
1.000000000000000000e+00,6.456563943691094598e-02,-1.447182431185021878e+00
1.000000000000000000e+00,8.052764473913794907e-01,3.297809952931737842e-01
1.000000000000000000e+00,-6.873435410111825572e-01,-4.282256213737262840e+00
1.000000000000000000e+00,1.227286208852368610e+00,1.291120895659492618e+00
1.000000000000000000e+00,9.902650271143573213e-02,-1.592037337760976889e+00
1.000000000000000000e+00,-2.036931109080164504e+00,-8.315184624319126527e+00
1.000000000000000000e+00,-1.730039037864268547e-01,-2.233569664558638479e+00
1.000000000000000000e+00,-1.097492703011743842e+00,-5.474527120803358571e+00
1.000000000000000000e+00,-1.612264296407391440e+00,-6.633182396442704132e+00
1.000000000000000000e+00,-7.112393930799550956e-01,-3.820416838279777849e+00
1.000000000000000000e+00,1.245129652266104003e-01,-1.080100740982136376e+00
1.000000000000000000e+00,-6.145839568569945177e-01,-2.636985282612640535e+00
1.000000000000000000e+00,4.942176406720275583e-01,-5.922155458084075175e-01
1.000000000000000000e+00,9.141605759937088127e-01,1.332543517747672990e+00
1.000000000000000000e+00,-4.863696612269383102e-01,-3.707859258796300406e+00
1.000000000000000000e+00,-1.072277328229961801e+00,-4.930856989430127513e+00
1.000000000000000000e+00,-1.398548267007065027e+00,-5.616234656027463856e+00
1.000000000000000000e+00,2.383030991094006734e-01,-1.591554281145915350e+00
1.000000000000000000e+00,-1.233394191648071292e+00,-5.654785997905059425e+00
1.000000000000000000e+00,1.071580256529589992e+00,7.837469985045146803e-01
1.000000000000000000e+00,2.804715898603303836e-01,-1.056969660274734713e+00
1.000000000000000000e+00,-2.700846473977262185e+00,-1.004266652045294173e+01
1.000000000000000000e+00,-1.544328030362233928e-01,-1.868572672719352123e+00
1.000000000000000000e+00,9.208360922802681925e-01,6.035138738074345977e-01
1.000000000000000000e+00,3.049065274546944870e-01,-7.728478329016509329e-01
1.000000000000000000e+00,2.015212150451909379e-01,-1.503930795816742272e+00
1.000000000000000000e+00,9.531204107977178097e-01,4.887588008038757370e-01
1.000000000000000000e+00,-2.059412575861950187e-02,-2.841775079280739469e+00
1.000000000000000000e+00,-6.538028132147306604e-01,-3.640228081147432793e+00
1.000000000000000000e+00,-4.508550524272136317e-01,-3.010845534380927280e+00
1.000000000000000000e+00,-3.248606714117581173e-01,-3.270114748684207484e+00
1.000000000000000000e+00,-8.062642202164277405e-01,-4.126989298322977007e+00
1.000000000000000000e+00,-3.091287338310079735e-01,-2.603895713900388653e+00
1.000000000000000000e+00,-1.149572072384023258e+00,-5.838223335392751068e+00
1.000000000000000000e+00,-2.533053527056190468e-01,-2.732996307259035529e+00
1.000000000000000000e+00,-1.480553445035208693e+00,-6.819899441874401447e+00
1.000000000000000000e+00,-3.546679965866150197e-01,-3.130601764490018368e+00
1.000000000000000000e+00,1.380381267805195211e+00,2.561629501851468760e+00
1.000000000000000000e+00,5.321962937604191035e-01,5.629964759837184918e-01
1.000000000000000000e+00,-4.504408808872563674e-01,-2.598254153366467811e+00
1.000000000000000000e+00,-2.090022108186997407e+00,-9.338633522736817127e+00
1.000000000000000000e+00,-1.148643131070086199e-01,-2.463170011060625164e+00
1.000000000000000000e+00,3.426446254841078454e-01,-8.980346145218645049e-01
1.000000000000000000e+00,1.457879738682144710e+00,1.740664035025691003e+00
1.000000000000000000e+00,4.759105312594116843e-01,-5.913956415497313435e-01
1.000000000000000000e+00,-4.317976370937670616e-01,-2.735176312510413599e+00
1.000000000000000000e+00,-9.339071453241432064e-01,-4.809402731225620897e+00
1.000000000000000000e+00,9.986212672017411585e-01,6.705179997922314783e-01
1.000000000000000000e+00,1.637278196453249290e-01,-8.184509706863487555e-01
1.000000000000000000e+00,9.744011731860620085e-01,8.405632654586858710e-01
1.000000000000000000e+00,6.124839118010741990e-01,-3.562643686796000964e-01
1.000000000000000000e+00,-6.880635012741456169e-01,-4.602587646993141490e+00
1.000000000000000000e+00,7.173719258485135031e-01,-2.602811105590787655e-01
1.000000000000000000e+00,-2.124994622469694450e-01,-1.828610489023333674e+00
1.000000000000000000e+00,1.779367912594445711e+00,2.914840494771028023e+00
1.000000000000000000e+00,-4.382037609288895186e-01,-2.918842451077345412e+00
1.000000000000000000e+00,4.242903088763751440e-01,-1.636645133462262480e+00
1.000000000000000000e+00,-1.734202418314845895e+00,-8.073677052830452894e+00
1.000000000000000000e+00,1.372690158684776840e+00,1.962492154734508665e+00
1.000000000000000000e+00,-1.065701874416191686e+00,-5.238286187864977350e+00
1.000000000000000000e+00,5.832674911441690924e-01,-1.960032704336001907e-01
1.000000000000000000e+00,-1.356980636751164981e+00,-6.358387280851248491e+00
1.000000000000000000e+00,-8.033289318934971890e-01,-4.356843486424150313e+00
1.000000000000000000e+00,8.771863774036915695e-02,-1.806002134563618355e+00
1.000000000000000000e+00,-5.205041292991666735e-01,-3.707671567665386636e+00
1.000000000000000000e+00,-3.321168370107177026e-01,-3.285400205227413828e+00
1.000000000000000000e+00,-1.017653026910861458e+00,-5.041806607833399845e+00
1.000000000000000000e+00,8.742875140622805574e-01,1.882920144496931014e+00
1.000000000000000000e+00,-1.212318657540756711e-01,-2.565006952452853817e+00
1.000000000000000000e+00,-5.039383560016587049e-01,-2.974395295262023620e+00
1.000000000000000000e+00,7.564059318622704531e-01,-3.344832507456306780e-01
1.000000000000000000e+00,-1.370642428746040031e-01,-2.367109970009416475e+00
1.000000000000000000e+00,-1.255939104607936230e+00,-5.537682393352127974e+00
1.000000000000000000e+00,-1.240213625132116748e+00,-5.494495805025249702e+00
1.000000000000000000e+00,1.025652466704241927e+00,1.005086380773818178e+00
1.000000000000000000e+00,-1.567324456862888571e+00,-7.113197481682897561e+00
1.000000000000000000e+00,-6.619649458838410272e-01,-4.492258674582716438e+00
1.000000000000000000e+00,-1.843028067756695976e-01,-1.767111941654311291e+00
1.000000000000000000e+00,-3.637715144303388382e-01,-3.451014752378774197e+00
1.000000000000000000e+00,3.551512914298229351e-01,-9.830592263786069873e-01
1.000000000000000000e+00,1.990762038328400596e+00,3.342308499770702213e+00
1.000000000000000000e+00,-3.981217807636411310e-02,-2.887226253372009221e+00
1.000000000000000000e+00,1.190539330897021797e+00,1.853978839977624471e+00
1.000000000000000000e+00,-4.677506964782782162e-01,-3.934854191515566590e+00
1.000000000000000000e+00,1.221575044215365669e+00,5.645798995691435618e-01
1.000000000000000000e+00,4.187265451549731510e-01,-1.190387944805639142e+00
1.000000000000000000e+00,-1.552426584934440301e+00,-6.277158332470169633e+00
1.000000000000000000e+00,5.553283079844478776e-02,-1.302367712086794693e+00
1.000000000000000000e+00,-6.248903897514982431e-01,-4.735058601119579436e+00
1.000000000000000000e+00,-9.266145878316669471e-01,-5.265504521775763891e+00
1.000000000000000000e+00,6.348713097068434674e-01,-3.487335749275886632e-01
1.000000000000000000e+00,-1.146012052014299343e+00,-5.365026263081116298e+00
1.000000000000000000e+00,3.020651564254052401e-02,-2.364121897669993366e+00
1.000000000000000000e+00,-1.630104320670161533e+00,-6.902150320051183563e+00
1.000000000000000000e+00,-3.865721110636067825e-01,-4.020815675994497518e+00
1.000000000000000000e+00,-7.288076378589570803e-01,-3.712663236058121541e+00
1.000000000000000000e+00,1.542538247831032105e+00,3.037183476780023650e+00
1.000000000000000000e+00,-2.083316176051458690e+00,-8.082703906914858294e+00
1.000000000000000000e+00,-6.691195283489102807e-02,-1.653641603686145878e+00
1.000000000000000000e+00,2.084584230633285407e-01,-1.963600679753704004e+00
1.000000000000000000e+00,-2.021775324353863645e+00,-7.568278616378007584e+00
1.000000000000000000e+00,1.219559253913591289e-02,-1.917047534847077239e+00
1.000000000000000000e+00,-2.733807126977680468e+00,-1.060987465711346189e+01
1.000000000000000000e+00,1.849432476844380391e+00,4.080098458617077206e+00
1.000000000000000000e+00,1.325527365795410306e+00,2.302389466164889598e+00
1.000000000000000000e+00,-2.172204999432153505e-01,-2.615404010822952152e+00
1.000000000000000000e+00,-1.275448382479642540e+00,-5.946778189520931512e+00
1.000000000000000000e+00,-2.405520079924142185e-01,-2.555546609105288969e+00
1.000000000000000000e+00,7.903404922918850772e-01,8.896073584503536580e-01
1.000000000000000000e+00,-1.087214667876545554e-01,-1.886600304980925902e+00
1.000000000000000000e+00,-7.583305857053381782e-01,-4.418899240943376050e+00
1.000000000000000000e+00,3.413601742538845407e-01,-8.145122069903459883e-01
1.000000000000000000e+00,7.026001515548231380e-01,-1.395591613568358258e-01
1.000000000000000000e+00,-1.274372171451372049e+00,-6.293118012251462723e+00
1.000000000000000000e+00,-1.167758166188230945e-01,-1.488997725768230529e+00
1.000000000000000000e+00,-7.265380747432098607e-01,-4.692606090325885049e+00
1.000000000000000000e+00,4.782613503941899324e-01,-6.829212349100811652e-01
1.000000000000000000e+00,-1.925074062213231185e+00,-7.012469242347654230e+00
1.000000000000000000e+00,4.771554002124382410e-01,-1.984466381573353755e-01
1.000000000000000000e+00,-1.034217947579503943e-01,-2.758927400384225681e+00
1.000000000000000000e+00,-9.720255227593457281e-01,-5.623006104501721225e+00
1.000000000000000000e+00,1.074761310686169979e+00,3.669834807866748649e-01
1.000000000000000000e+00,-8.549160713943317891e-01,-4.602413353898644921e+00
1.000000000000000000e+00,-4.554185505821866098e-01,-4.149301984625377138e+00
1.000000000000000000e+00,3.282681284226884877e-02,-2.158630598800205913e+00
1.000000000000000000e+00,3.149955108381825020e-01,-2.059086264256199783e+00
1.000000000000000000e+00,-1.816392683235580063e-01,-2.148405049341240325e+00
1.000000000000000000e+00,-1.343484414023810913e+00,-5.474790692273576731e+00
1.000000000000000000e+00,-6.109457022113217173e-01,-4.098096506714779430e+00
1.000000000000000000e+00,1.093556893493446536e+00,1.023591438544163790e+00
1.000000000000000000e+00,-7.263874152967174647e-01,-3.970153927511515857e+00
1.000000000000000000e+00,-1.879699127963791794e+00,-8.548426773587038952e+00
1.000000000000000000e+00,-8.513680706762484229e-01,-4.495150617530473625e+00
1.000000000000000000e+00,8.964994180893026687e-01,1.135610282861118314e+00
1.000000000000000000e+00,1.868588168903002611e+00,3.898375077490919161e+00
1.000000000000000000e+00,-1.221992490467541659e-01,-2.313779939015838227e+00
1.000000000000000000e+00,1.684354355215066379e+00,3.303206056003547442e+00
1.000000000000000000e+00,4.798260396603146738e-01,-4.533122935051004387e-01
1.000000000000000000e+00,-1.015624885195249572e-01,-3.155001284101611958e+00
1.000000000000000000e+00,3.028269940194055820e+00,7.500555163153640237e+00
1.000000000000000000e+00,-1.983787331830293155e-01,-2.004830664098829374e+00
1.000000000000000000e+00,6.314928552471277268e-02,-2.199358851483312893e+00
1.000000000000000000e+00,1.168304735017063223e+00,2.053877470238233194e+00
1.000000000000000000e+00,-1.210700004124662499e+00,-5.376348190366756263e+00
1.000000000000000000e+00,-1.479212801000461541e-01,-3.015237880732709375e+00
1.000000000000000000e+00,-9.889447422239992791e-02,-1.573237408120786274e+00
1.000000000000000000e+00,7.391891596053122848e-01,2.400035395444542474e-01
1.000000000000000000e+00,4.606302183393408134e-01,-2.178689477438953692e-01
1.000000000000000000e+00,4.828061989715734525e-01,-1.240639020361677947e-02
1.000000000000000000e+00,-3.561529250719778217e-01,-2.504133416140087220e+00
1.000000000000000000e+00,1.039980508649677171e+00,2.005792585655194138e+00
1.000000000000000000e+00,5.584926495802015056e-01,-4.091794572168788724e-01
1.000000000000000000e+00,-6.780232568322280828e-01,-4.462775623933074698e+00
1.000000000000000000e+00,1.084995906783930320e+00,1.433042205904365707e+00
1.000000000000000000e+00,1.099077760658559333e+00,1.512688119157559852e+00
1.000000000000000000e+00,-7.292118980589654131e-02,-2.324772572010531668e+00
1.000000000000000000e+00,7.005171588088219270e-01,8.906503229460208670e-01
1.000000000000000000e+00,1.792756854860737770e+00,2.909410780266761254e+00
1.000000000000000000e+00,-5.023638765058364708e-01,-3.494114089935706602e+00
1.000000000000000000e+00,1.054554415313537774e+00,8.178213429651377542e-01
1.000000000000000000e+00,1.244409304352292189e-01,-2.571903832058175521e+00
1.000000000000000000e+00,-1.851894209149693438e-01,-2.099671462393504662e+00
1.000000000000000000e+00,9.679953495993263157e-01,7.135753490370397856e-01
1.000000000000000000e+00,9.162569382781823313e-01,7.760001155121556415e-01
1.000000000000000000e+00,4.749146862594577079e-01,-4.828093018396085734e-01
1.000000000000000000e+00,-6.858628449958752149e-02,-1.760817315547321016e+00
1.000000000000000000e+00,-2.009001825932316798e+00,-7.349600499144675503e+00
1.000000000000000000e+00,7.564603822646503994e-01,5.601635677786030998e-01
1.000000000000000000e+00,2.495631301119633286e-02,-1.403040613096526279e+00
1.000000000000000000e+00,2.187109984775071680e+00,4.733984863076824645e+00
1.000000000000000000e+00,-5.096533823833447885e-01,-3.349496109584154890e+00
1.000000000000000000e+00,3.786048477062777251e-01,-8.985621873633221623e-01
1.000000000000000000e+00,-2.462139003773138324e+00,-8.181678611709932269e+00
1.000000000000000000e+00,3.811005745828482949e-01,-1.241631144191981395e+00
1.000000000000000000e+00,-1.575616096326094118e+00,-6.908622636271675610e+00
1.000000000000000000e+00,1.847422829185688675e+00,3.286323954913745293e+00
1.000000000000000000e+00,5.586341655421979135e-01,3.634944636474899404e-01
1.000000000000000000e+00,-2.123347626154254097e+00,-7.959568608294078196e+00
1.000000000000000000e+00,-8.042719037802056881e-02,-2.098792154020490131e+00
1.000000000000000000e+00,3.728024046132220048e-01,-9.080222674417952611e-01
1.000000000000000000e+00,-1.367822376099839365e+00,-6.076319960470002890e+00
1.000000000000000000e+00,-5.818028620139189394e-02,-1.906624059862335407e+00
1.000000000000000000e+00,-9.052696618832183351e-01,-5.272643507428716347e+00
1.000000000000000000e+00,1.574258112402629750e-01,-1.467838504934552368e+00
1.000000000000000000e+00,2.582043921165792510e-01,-1.615764473258575418e+00
1.000000000000000000e+00,-7.502922566406323712e-01,-4.059712478080745868e+00
1.000000000000000000e+00,2.850662826508679193e-01,-1.660775909067944811e+00
1.000000000000000000e+00,5.206807710508075671e-01,-9.682195117064980039e-01
1.000000000000000000e+00,-3.247128922640616366e-01,-2.816639318883985332e+00
1.000000000000000000e+00,7.114806865767524247e-02,-2.318625245104984245e+00
1.000000000000000000e+00,-7.136620720146515939e-01,-3.952415665839137837e+00
1.000000000000000000e+00,-1.025129845383410343e+00,-4.961969089238442265e+00
1.000000000000000000e+00,1.066455973716430972e+00,7.845165621485583607e-01
1.000000000000000000e+00,-3.900840842809936704e-01,-3.202543996577954744e+00
1.000000000000000000e+00,-3.234909961568173675e-01,-3.081098685917766034e+00
1.000000000000000000e+00,4.212645961361827229e-01,-6.747969523901338196e-01
1.000000000000000000e+00,6.682478881990950859e-01,-9.466524539663212501e-02
1.000000000000000000e+00,-1.182728751538575152e+00,-6.349687170473605313e+00
1.000000000000000000e+00,6.021479826674804858e-01,4.319383153558065125e-01
1.000000000000000000e+00,-1.122881886418872099e+00,-4.699167618348871756e+00
1.000000000000000000e+00,-1.648471469090689423e+00,-7.624356578473956425e+00
1.000000000000000000e+00,1.193994375711702860e+00,6.064000569984272504e-01
1.000000000000000000e+00,-2.934065351053454229e-01,-3.965175584840484824e+00
1.000000000000000000e+00,-6.335445550198620657e-01,-4.255573373165313811e+00
1.000000000000000000e+00,-2.769318386811794614e-03,-1.847929324141768026e+00
1.000000000000000000e+00,7.589932866052929994e-02,-1.170401597067769028e+00
1.000000000000000000e+00,1.986305951225441069e+00,4.308375095976930247e+00
1.000000000000000000e+00,3.557217281089028460e-01,-5.382919359755934385e-01
1.000000000000000000e+00,-1.279766619034762853e-01,-2.749895815423305745e+00
1.000000000000000000e+00,-1.291148007011764021e+00,-6.475719925231148366e+00
1.000000000000000000e+00,-7.697080395943095565e-01,-4.654810999898983503e+00
1.000000000000000000e+00,5.734560557649623913e-01,-7.127513025075634667e-01
1.000000000000000000e+00,-2.359710447445166892e-01,-3.317486130164402525e+00
1.000000000000000000e+00,2.708049495925713424e-01,-9.139256553098478175e-01
1.000000000000000000e+00,4.473619784466115745e-01,-1.212091943950824646e+00
1.000000000000000000e+00,4.984375233326891474e-01,-7.035111481949496426e-01
1.000000000000000000e+00,-1.118300367959174979e+00,-5.626892310160300781e+00
1.000000000000000000e+00,-1.328462919715556634e+00,-6.834622587828148355e+00
1.000000000000000000e+00,2.978037350654808568e-01,-1.847653139001906641e+00
1.000000000000000000e+00,-4.120136279772491084e-01,-2.950025001350574438e+00
1.000000000000000000e+00,-1.644073022069120760e-01,-1.511478047587219375e+00
1.000000000000000000e+00,-2.964057698539171448e-01,-3.461370502306207353e+00
1.000000000000000000e+00,-7.998553176177540802e-01,-4.220873607507742875e+00
1.000000000000000000e+00,1.168899558386244791e-01,-2.204940853068185103e+00
1.000000000000000000e+00,1.899687698713723449e-01,-1.956062241753318887e+00
1.000000000000000000e+00,-2.574280074149775666e-01,-3.003703673086805637e+00
1.000000000000000000e+00,-1.041040280203204382e+00,-4.384067287913362421e+00
1.000000000000000000e+00,1.137898702677522245e+00,5.962035494534680957e-01
1.000000000000000000e+00,-6.542238797222531543e-01,-3.883046214058768264e+00
1.000000000000000000e+00,-6.255869196919562093e-03,-1.583018815474983354e+00
1.000000000000000000e+00,-1.181139842046321498e+00,-5.656565689917179895e+00
1.000000000000000000e+00,1.161746438636959144e+00,1.146411204428932962e+00
1.000000000000000000e+00,7.451431286857229663e-01,-2.740694915884606120e-02
1.000000000000000000e+00,-5.354869146587645234e-01,-3.847966788951260764e+00
1.000000000000000000e+00,7.653961371798069235e-01,7.729498178254832208e-01
1.000000000000000000e+00,2.945104580366256219e-01,-2.164731385930355412e+00
1.000000000000000000e+00,-1.942283421263033549e+00,-7.961881101409335137e+00
1.000000000000000000e+00,1.696508512481520459e+00,2.754011138239174539e+00
1.000000000000000000e+00,4.786864730284946801e-02,-1.693989297268646999e+00
1.000000000000000000e+00,1.969098814265884123e-01,-1.733730367459995092e+00
1.000000000000000000e+00,-2.646945165307658665e-01,-3.129751556025935244e+00
1.000000000000000000e+00,-1.290425807835091199e+00,-5.196524919889300875e+00
1.000000000000000000e+00,-2.641089962170069527e-01,-2.288675714923786852e+00
1.000000000000000000e+00,3.160079743730215274e-01,-7.606091618765165041e-01
1.000000000000000000e+00,-7.407020451621133539e-01,-4.346793799378320777e+00
1.000000000000000000e+00,-1.318662864682624170e+00,-5.656095539286948970e+00
1.000000000000000000e+00,1.213696411467525937e+00,1.247480508835215218e+00
1.000000000000000000e+00,6.070049385078265525e-01,-3.586788382154090238e-01
1.000000000000000000e+00,-2.453076840129291281e-01,-3.074949051225996932e+00
1.000000000000000000e+00,6.068012876128183741e-01,-4.098800662850570209e-01
1.000000000000000000e+00,5.645549777943889014e-01,-2.987767779833415682e-01
1.000000000000000000e+00,7.308612873667734711e-01,-4.356907202346336216e-01
1.000000000000000000e+00,-5.921518197799776617e-01,-3.318769730484973479e+00
1.000000000000000000e+00,-4.256830787044745823e-01,-2.569242918635125328e+00
1.000000000000000000e+00,-9.452104718473232081e-01,-4.732621631156441744e+00
1.000000000000000000e+00,-1.318862972411857237e+00,-5.347573190240708207e+00
1.000000000000000000e+00,4.698310770148430016e-01,-1.430299106274241616e+00
1.000000000000000000e+00,-9.879044243962242788e-02,-1.687755745573196631e+00
1.000000000000000000e+00,5.827678047150545299e-02,-1.225218745722414182e+00
1.000000000000000000e+00,9.850113717749274522e-02,-1.799897972569042048e+00
1.000000000000000000e+00,-6.771814945315861589e-01,-3.638159697441592400e+00
1.000000000000000000e+00,4.317466735526874766e-01,-7.670942218299654503e-01
1.000000000000000000e+00,1.202966498436779830e+00,1.372048096519751015e+00
1.000000000000000000e+00,1.158921396725691721e+00,1.306916013625107231e+00
1.000000000000000000e+00,2.517819759000549662e-01,-1.710907558886707536e+00
1.000000000000000000e+00,2.954629879722238672e-01,-1.473061814437415240e+00
1.000000000000000000e+00,7.057878274298279297e-01,1.536502532016901235e-01
1.000000000000000000e+00,-5.773600688276600557e-02,-2.957071092755436670e+00
1.000000000000000000e+00,1.070870107636874735e+00,1.096685783565048533e+00
1.000000000000000000e+00,2.611018142771976414e-01,-2.093485400684487185e+00
1.000000000000000000e+00,-3.422525591648828414e-01,-2.909899985874572437e+00
1.000000000000000000e+00,5.862377129316173052e-01,-7.796156644287427495e-01
1.000000000000000000e+00,9.226802073058748555e-02,-1.659231354895015720e+00
1.000000000000000000e+00,1.280656714921781791e+00,2.048267221976836083e+00
1.000000000000000000e+00,-1.520119980621578382e+00,-6.815967610768257856e+00
1.000000000000000000e+00,2.658815585972729156e-01,-1.310095664891233636e+00
1.000000000000000000e+00,5.068859240688827761e-02,-1.643284279925249836e+00
1.000000000000000000e+00,5.142745058149159609e-01,-3.840094131804824285e-01
1.000000000000000000e+00,-5.047321456030324782e-01,-3.604725677227941461e+00
1.000000000000000000e+00,9.759265415637845276e-02,-1.717837601331644759e+00
1.000000000000000000e+00,3.947015692208493687e-01,-5.792052773531836118e-01
1.000000000000000000e+00,5.152065984082280364e-02,-2.791870036546382661e+00
1.000000000000000000e+00,-1.845088605330845954e+00,-6.671960796161723550e+00
1.000000000000000000e+00,6.826358297381852624e-01,-6.320528920957307895e-01
1.000000000000000000e+00,-3.968691183063722261e-01,-3.021349981415351493e+00
1.000000000000000000e+00,-2.249794751638929835e+00,-8.553046691710774141e+00
1.000000000000000000e+00,-4.523280823721371191e-01,-2.047739915701249913e+00
1.000000000000000000e+00,-1.467824225960532580e-01,-2.421850031966444217e+00
1.000000000000000000e+00,1.259253673215379621e+00,1.963727674849950144e+00
1.000000000000000000e+00,-7.145003285717074215e-01,-3.778873136186901238e+00
1.000000000000000000e+00,-1.182461752159492230e+00,-5.743640261786961965e+00
1.000000000000000000e+00,4.101793009641456766e-01,-2.236836995810379536e-01
1.000000000000000000e+00,-8.368004287975230326e-01,-5.223154163234063674e+00
1.000000000000000000e+00,3.893650535186886086e-01,-4.967113572546253963e-01
1.000000000000000000e+00,-2.642689374156433901e-01,-2.865097510393140645e+00
1.000000000000000000e+00,2.404411246567880744e-01,-1.796453500996184616e+00
1.000000000000000000e+00,7.321736429822958692e-02,-2.879460188643033547e+00
1.000000000000000000e+00,-1.270112388610019849e+00,-6.317271346751998529e+00
1.000000000000000000e+00,1.976813039391593085e-01,-5.840711517990619939e-01
1.000000000000000000e+00,-1.804000425053651352e-02,-8.129404951281928859e-01
1.000000000000000000e+00,-4.417716991386552716e-01,-2.987784661318722890e+00
1.000000000000000000e+00,1.014201192065531387e+00,1.012696651725659924e+00
1.000000000000000000e+00,4.269907346731860454e-02,-2.089747155810028012e+00
1.000000000000000000e+00,-2.658329481284756879e-01,-2.451478870627273654e+00
1.000000000000000000e+00,1.057357823341574798e-01,-1.238244104964989267e+00
1.000000000000000000e+00,1.591008237719103990e-01,-1.882354065959679579e+00
1.000000000000000000e+00,1.029030744057689573e+00,1.005466956651801747e+00
1.000000000000000000e+00,1.711763587925558383e+00,3.509436442996932026e+00
1.000000000000000000e+00,-1.372113328591382908e+00,-6.079000158925948583e+00
1.000000000000000000e+00,1.834989556280332626e-02,-2.230339327883376299e+00
1.000000000000000000e+00,-5.897526441070991554e-01,-4.233835176704687342e+00
1.000000000000000000e+00,4.194538035053236857e-01,-7.413848736537345108e-01
1.000000000000000000e+00,1.464108743318215944e-01,-1.242362167145128371e+00
1.000000000000000000e+00,9.807948335047915744e-01,1.960274789801820905e+00
1.000000000000000000e+00,5.110345350489160499e-01,1.204264781067237999e-01
1.000000000000000000e+00,1.714507051446597652e+00,3.809397513717526884e+00
1.000000000000000000e+00,9.137222285700610236e-01,1.176972092427652550e+00
1.000000000000000000e+00,-1.260089471151723872e+00,-5.726242192954480004e+00
1.000000000000000000e+00,-2.925908768268739024e+00,-1.067270722243946679e+01
1.000000000000000000e+00,-1.556410700535761249e+00,-6.870742465383417930e+00
1.000000000000000000e+00,1.217264074612109503e+00,7.596375451739741935e-01
1.000000000000000000e+00,8.577506049443291980e-01,5.036383976359870562e-01
1.000000000000000000e+00,-4.986958828015704559e-01,-3.647261969964342931e+00
1.000000000000000000e+00,9.067669176796386843e-01,4.652036700785147083e-01
1.000000000000000000e+00,7.481703777078601014e-01,-3.879229053872290667e-02
1.000000000000000000e+00,-3.098034770245727820e-01,-3.131440352444371023e+00
1.000000000000000000e+00,1.058763494885044398e+00,8.255706670449629581e-01
1.000000000000000000e+00,6.906175281871769212e-01,6.983175262234214697e-01
1.000000000000000000e+00,-9.162390909680588613e-02,-2.729416326659598990e+00
1.000000000000000000e+00,4.180690851337406921e-01,-1.715987066506492464e+00
1.000000000000000000e+00,-1.034423202452595447e+00,-4.945395651234474776e+00
1.000000000000000000e+00,9.170526873243334265e-01,1.476261653773201177e+00
1.000000000000000000e+00,-5.131231207858203414e-01,-3.452730729805760124e+00
1.000000000000000000e+00,-5.589543912300146689e-01,-2.515584116919040270e+00
1.000000000000000000e+00,7.824654432324963382e-01,-1.742789414132641657e-01
1.000000000000000000e+00,3.356722140210050553e-01,-1.110200782295684974e+00
1.000000000000000000e+00,3.894394099299162693e-01,-1.267906367069284279e+00
1.000000000000000000e+00,-1.141433508078013359e+00,-5.648083528874326298e+00
1.000000000000000000e+00,-2.257794115238356270e+00,-8.975077349460187648e+00
1.000000000000000000e+00,7.618304923417461572e-01,-5.150835435839398180e-01
1.000000000000000000e+00,-6.361607613763011759e-01,-4.468828882970965033e+00
1.000000000000000000e+00,-1.777029639403421291e+00,-7.319439485755230734e+00
1.000000000000000000e+00,-4.283819448590244217e-01,-2.719068583762059621e+00
1.000000000000000000e+00,-1.090165417184425500e-01,-1.838209009023462848e+00
1.000000000000000000e+00,9.338674135725252290e-01,2.164865612089221791e-01
1.000000000000000000e+00,8.964711325337800796e-01,6.174232046388437034e-01
1.000000000000000000e+00,-2.424428876917539555e-01,-2.376368071081082611e+00
1.000000000000000000e+00,8.510328988958367757e-01,4.816771256031349147e-01
1.000000000000000000e+00,-1.208196344177896453e+00,-6.974038453988012698e+00
1.000000000000000000e+00,7.518939185119870583e-01,4.655518032311142806e-01
1.000000000000000000e+00,-1.570731712662649882e+00,-6.180386670328695153e+00
1.000000000000000000e+00,8.237338728557158651e-01,1.739224947106884800e+00
1.000000000000000000e+00,9.192771852784121789e-01,9.381074478155344565e-01
1.000000000000000000e+00,3.681145365758626831e-01,9.191392948829746334e-02
1.000000000000000000e+00,5.075142265686910514e-01,3.515985708963934586e-01
1.000000000000000000e+00,1.992749933613005453e+00,3.506232272288162477e+00
1.000000000000000000e+00,1.693727147995468529e+00,3.186765273150590883e+00
1.000000000000000000e+00,1.484414272167632332e+00,1.992010883470742399e+00
1.000000000000000000e+00,8.993126486476274994e-01,4.005710055771129485e-01
1.000000000000000000e+00,-1.991023464859310588e+00,-7.530661663158483954e+00
1.000000000000000000e+00,1.501797031783914660e-01,-2.173480573107891445e+00
1.000000000000000000e+00,-8.138709195718490941e-01,-5.807841627040277288e+00
1.000000000000000000e+00,-3.757987113130227264e-01,-3.834218132676719737e+00
1.000000000000000000e+00,9.758010005423497502e-01,1.670071774610356607e+00
1.000000000000000000e+00,4.882892134709028165e-01,1.109763946442161586e-01
1.000000000000000000e+00,-1.725296587054566455e+00,-6.272277923466187843e+00
1.000000000000000000e+00,3.598354618262958413e-03,-2.501602705865350273e+00
1.000000000000000000e+00,-8.296645806548466062e-01,-4.680249467967465549e+00
1.000000000000000000e+00,5.538718520022913872e-01,2.725276397905364023e-01
1.000000000000000000e+00,-1.723998372877423857e-01,-2.478246029381356408e+00
1.000000000000000000e+00,-1.537645722380583502e+00,-6.849750604202107240e+00
1.000000000000000000e+00,-1.269288120393482489e+00,-5.905812296769012093e+00
1.000000000000000000e+00,1.557363578608835564e+00,2.654341299970562673e+00
1.000000000000000000e+00,-7.834597458901866318e-01,-4.598197171523888294e+00
1.000000000000000000e+00,-2.437685183615629914e-01,-2.106538577498952680e+00
1.000000000000000000e+00,3.571033577849920815e-01,-9.068873372138925859e-01
1.000000000000000000e+00,1.005609702329740118e+00,1.823689719932598097e+00
1.000000000000000000e+00,-2.122401906612071176e+00,-7.619723449282698624e+00
1.000000000000000000e+00,3.397884644213123639e+00,7.744775398489601947e+00
1.000000000000000000e+00,-8.449860524713014298e-01,-4.329066237885626833e+00
1.000000000000000000e+00,-5.931667063163423986e-02,-2.574855091763069925e+00
1.000000000000000000e+00,-1.149897594007405210e+00,-5.325127375744938441e+00
1.000000000000000000e+00,4.142607852439501581e-01,-4.756804090129408968e-01
1.000000000000000000e+00,-4.553974922840934303e-01,-3.323902532100834861e+00
1.000000000000000000e+00,-3.245022391098948411e-01,-2.731363133353795547e+00
1.000000000000000000e+00,3.740998936226664906e-01,-3.035352695250366217e-01
1.000000000000000000e+00,9.919250128587659976e-01,9.406907570267616370e-01
